{"type":"FeatureCollection","metadata":{"generated":1788517032000,"url":"https://earthquake.usgs.gov/earthquakes/feed/v1.0/summary/all_day.geojson","title":"USGS All Earthquakes, Past Day","status":200,"api":"2.7.0","count":328},"features":[{"type":"Feature","properties":{"mag":0.78,"place":"5 km SE of Ontario, CA","time":1788516717610,"updated":1788516922189,"tz":null,"url":"https://earthquake.usgs.gov/earthquakes/eventpage/ci41541648","detail":"https://earthquake.usgs.gov/earthquakes/feed/v1.0/detail/ci41541648.geojson","felt":null,"cdi":null,"mmi":null,"alert":null,"status":"automatic","tsunami":0,"sig":9,"net":"ci","code":"41541648","ids":",ci41541648,","sources":",ci,","types":",nearby-cities,origin,phase-data,","nst":33,"dmin":0.07668,"rms":0.21,"gap":61,"magType":"ml","type":"earthquake","title":"M 0.8 - 5 km SE of Ontario, CA"},"geometry":{"type":"Point","coordinates":[-117.590666666667,34.0166666666667,5.35]},"id":"ci41541648"},
{"type":"Feature","properties":{"mag":2.2,"place":"60 km S of Whites City, New Mexico","time":1788516437278,"updated":1788516759739,"tz":null,"url":"https://earthquake.usgs.gov/earthquakes/eventpage/tx2026rkitvj","detail":"https://earthquake.usgs.gov/earthquakes/feed/v1.0/detail/tx2026rkitvj.geojson","felt":null,"cdi":null,"mmi":null,"alert":null,"status":"automatic","tsunami":0,"sig":74,"net":"tx","code":"2026rkitvj","ids":",tx2026rkitvj,","sources":",tx,","types":",origin,phase-data,","nst":35,"dmin":0.1,"rms":0.4,"gap":74,"magType":"ml","type":"earthquake","title":"M 2.2 - 60 km S of Whites City, New Mexico"},"geometry":{"type":"Point","coordinates":[-104.453,31.632,3.2971]},"id":"tx2026rkitvj"},
{"type":"Feature","properties":{"mag":1.5,"place":"57 km S of Whites City, New Mexico","time":1788515686252,"updated":1788515883990,"tz":null,"url":"https://earthquake.usgs.gov/earthquakes/eventpage/tx2026rkihko","detail":"https://earthquake.usgs.gov/earthquakes/feed/v1.0/detail/tx2026rkihko.geojson","felt":null,"cdi":null,"mmi":null,"alert":null,"status":"automatic","tsunami":0,"sig":35,"net":"tx","code":"2026rkihko","ids":",tx2026rkihko,","sources":",tx,","types":",origin,phase-data,","nst":31,"dmin":0,"rms":0.4,"gap":68,"magType":"ml","type":"earthquake","title":"M 1.5 - 57 km S of Whites City, New Mexico"},"geometry":{"type":"Point","coordinates":[-104.318,31.664,4.108]},"id":"tx2026rkihko"},
{"type":"Feature","properties":{"mag":3.7,"place":"off the coast of Oregon","time":1788513932587,"updated":1788515145040,"tz":null,"url":"https://earthquake.usgs.gov/earthquakes/eventpage/us7000te9b","detail":"https://earthquake.usgs.gov/earthquakes/feed/v1.0/detail/us7000te9b.geojson","felt":null,"cdi":null,"mmi":null,"alert":null,"status":"reviewed","tsunami":0,"sig":211,"net":"us","code":"7000te9b","ids":",us7000te9b,","sources":",us,","types":",origin,phase-data,","nst":35,"dmin":2.789,"rms":0.44,"gap":261,"magType":"mb","type":"earthquake","title":"M 3.7 - off the coast of Oregon"},"geometry":{"type":"Point","coordinates":[-129.0824,43.6383,10]},"id":"us7000te9b"},
{"type":"Feature","properties":{"mag":3.6,"place":"2 km SW of Dibble, Oklahoma","time":1788513421236,"updated":1788516719549,"tz":null,"url":"https://earthquake.usgs.gov/earthquakes/eventpage/ok2026ried","detail":"https://earthquake.usgs.gov/earthquakes/feed/v1.0/detail/ok2026ried.geojson","felt":21,"cdi":4.3,"mmi":4.445,"alert":null,"status":"automatic","tsunami":0,"sig":208,"net":"ok","code":"2026ried","ids":",ok2026ried,us7000te99,","sources":",ok,us,","types":",dyfi,origin,phase-data,shakemap,","nst":115,"dmin":0.1087492853,"rms":0.9017571292,"gap":25.74813843,"magType":"ml","type":"earthquake","title":"M 3.6 - 2 km SW of Dibble, Oklahoma"},"geometry":{"type":"Point","coordinates":[-97.65157318,35.01613998,5]},"id":"ok2026ried"},
{"type":"Feature","properties":{"mag":0.74,"place":"2 km ESE of The Geysers, CA","time":1788512941040,"updated":1788513038373,"tz":null,"url":"https://earthquake.usgs.gov/earthquakes/eventpage/nc75429587","detail":"https://earthquake.usgs.gov/earthquakes/feed/v1.0/detail/nc75429587.geojson","felt":null,"cdi":null,"mmi":null,"alert":null,"status":"automatic","tsunami":0,"sig":8,"net":"nc","code":"75429587","ids":",nc75429587,","sources":",nc,","types":",nearby-cities,origin,phase-data,","nst":6,"dmin":0.01155,"rms":0.01,"gap":92,"magType":"md","type":"earthquake","title":"M 0.7 - 2 km ESE of The Geysers, CA"},"geometry":{"type":"Point","coordinates":[-122.736503601074,38.7716674804688,0.959999978542328]},"id":"nc75429587"},
{"type":"Feature","properties":{"mag":1.84,"place":"4 km NE of Almanor, CA","time":1788512494870,"updated":1788516444471,"tz":null,"url":"https://earthquake.usgs.gov/earthquakes/eventpage/nc75429582","detail":"https://earthquake.usgs.gov/earthquakes/feed/v1.0/detail/nc75429582.geojson","felt":null,"cdi":null,"mmi":null,"alert":null,"status":"automatic","tsunami":0,"sig":52,"net":"nc","code":"75429582","ids":",nc75429582,","sources":",nc,","types":",nearby-cities,origin,phase-data,scitech-link,","nst":10,"dmin":0.1268,"rms":0.09,"gap":93,"magType":"md","type":"earthquake","title":"M 1.8 - 4 km NE of Almanor, CA"},"geometry":{"type":"Point","coordinates":[-121.146003723145,40.2448348999023,11.4099998474121]},"id":"nc75429582"},
{"type":"Feature","properties":{"mag":0.74,"place":"2 km ESE of The Geysers, CA","time":1788511930750,"updated":1788512028122,"tz":null,"url":"https://earthquake.usgs.gov/earthquakes/eventpage/nc75429572","detail":"https://earthquake.usgs.gov/earthquakes/feed/v1.0/detail/nc75429572.geojson","felt":null,"cdi":null,"mmi":null,"alert":null,"status":"automatic","tsunami":0,"sig":8,"net":"nc","code":"75429572","ids":",nc75429572,","sources":",nc,","types":",nearby-cities,origin,phase-data,","nst":10,"dmin":0.01072,"rms":0.02,"gap":69,"magType":"md","type":"earthquake","title":"M 0.7 - 2 km ESE of The Geysers, CA"},"geometry":{"type":"Point","coordinates":[-122.736831665039,38.7724990844727,0.980000019073486]},"id":"nc75429572"},
{"type":"Feature","properties":{"mag":1.6,"place":"46 km ESE of Denali Park, Alaska","time":1788511915760,"updated":1788512049723,"tz":null,"url":"https://earthquake.usgs.gov/earthquakes/eventpage/aka2026rnbdam","detail":"https://earthquake.usgs.gov/earthquakes/feed/v1.0/detail/aka2026rnbdam.geojson","felt":null,"cdi":null,"mmi":null,"alert":null,"status":"automatic","tsunami":0,"sig":39,"net":"ak","code":"a2026rnbdam","ids":",aka2026rnbdam,","sources":",ak,","types":",origin,phase-data,","nst":22,"dmin":0.4,"rms":0.5,"gap":83,"magType":"ml","type":"earthquake","title":"M 1.6 - 46 km ESE of Denali Park, Alaska"},"geometry":{"type":"Point","coordinates":[-148.052,63.562,5]},"id":"aka2026rnbdam"},
{"type":"Feature","properties":{"mag":1.4,"place":"47 km ESE of Denali Park, Alaska","time":1788511563018,"updated":1788511643239,"tz":null,"url":"https://earthquake.usgs.gov/earthquakes/eventpage/aka2026rnaxxv","detail":"https://earthquake.usgs.gov/earthquakes/feed/v1.0/detail/aka2026rnaxxv.geojson","felt":null,"cdi":null,"mmi":null,"alert":null,"status":"automatic","tsunami":0,"sig":30,"net":"ak","code":"a2026rnaxxv","ids":",aka2026rnaxxv,","sources":",ak,","types":",origin,phase-data,","nst":17,"dmin":0.4,"rms":0.4,"gap":83,"magType":"ml","type":"earthquake","title":"M 1.4 - 47 km ESE of Denali Park, Alaska"},"geometry":{"type":"Point","coordinates":[-148.047,63.561,1.7]},"id":"aka2026rnaxxv"},
{"type":"Feature","properties":{"mag":0.57,"place":"24 km N of Borrego Springs, CA","time":1788511291290,"updated":1788511495538,"tz":null,"url":"https://earthquake.usgs.gov/earthquakes/eventpage/ci41541640","detail":"https://earthquake.usgs.gov/earthquakes/feed/v1.0/detail/ci41541640.geojson","felt":null,"cdi":null,"mmi":null,"alert":null,"status":"automatic","tsunami":0,"sig":5,"net":"ci","code":"41541640","ids":",ci41541640,","sources":",ci,","types":",nearby-cities,origin,phase-data,","nst":30,"dmin":0.1554,"rms":0.17,"gap":122,"magType":"ml","type":"earthquake","title":"M 0.6 - 24 km N of Borrego Springs, CA"},"geometry":{"type":"Point","coordinates":[-116.419,33.468,5.96]},"id":"ci41541640"},
{"type":"Feature","properties":{"mag":3.23,"place":"7 km ENE of Fajardo, Puerto Rico","time":1788510682740,"updated":1788515333340,"tz":null,"url":"https://earthquake.usgs.gov/earthquakes/eventpage/pr71530848","detail":"https://earthquake.usgs.gov/earthquakes/feed/v1.0/detail/pr71530848.geojson","felt":null,"cdi":null,"mmi":null,"alert":null,"status":"reviewed","tsunami":0,"sig":161,"net":"pr","code":"71530848","ids":",pr71530848,","sources":",pr,","types":",origin,phase-data,","nst":13,"dmin":0.2867,"rms":0.27,"gap":171,"magType":"md","type":"earthquake","title":"M 3.2 - 7 km ENE of Fajardo, Puerto Rico"},"geometry":{"type":"Point","coordinates":[-65.5816666666667,18.3461666666667,95.89]},"id":"pr71530848"},
{"type":"Feature","properties":{"mag":1.4,"place":"11 km NNW of Karluk, Alaska","time":1788510429237,"updated":1788510490233,"tz":null,"url":"https://earthquake.usgs.gov/earthquakes/eventpage/aka2026rnahlg","detail":"https://earthquake.usgs.gov/earthquakes/feed/v1.0/detail/aka2026rnahlg.geojson","felt":null,"cdi":null,"mmi":null,"alert":null,"status":"automatic","tsunami":0,"sig":30,"net":"ak","code":"a2026rnahlg","ids":",aka2026rnahlg,","sources":",ak,","types":",origin,phase-data,","nst":13,"dmin":0.1,"rms":0.4,"gap":150,"magType":"ml","type":"earthquake","title":"M 1.4 - 11 km NNW of Karluk, Alaska"},"geometry":{"type":"Point","coordinates":[-154.536,57.665,57.2]},"id":"aka2026rnahlg"},
{"type":"Feature","properties":{"mag":0.75,"place":"12 km WNW of The Geysers, CA","time":1788508766780,"updated":1788512241982,"tz":null,"url":"https://earthquake.usgs.gov/earthquakes/eventpage/nc75429552","detail":"https://earthquake.usgs.gov/earthquakes/feed/v1.0/detail/nc75429552.geojson","felt":null,"cdi":null,"mmi":null,"alert":null,"status":"automatic","tsunami":0,"sig":9,"net":"nc","code":"75429552","ids":",nc75429552,","sources":",nc,","types":",nearby-cities,origin,phase-data,scitech-link,","nst":9,"dmin":0.007465,"rms":0.01,"gap":124,"magType":"md","type":"earthquake","title":"M 0.8 - 12 km WNW of The Geysers, CA"},"geometry":{"type":"Point","coordinates":[-122.876831054688,38.8328323364258,2.64000010490417]},"id":"nc75429552"},
{"type":"Feature","properties":{"mag":0.6,"place":"26 km SW of Ackerly, Texas","time":1788508523259,"updated":1788515627612,"tz":null,"url":"https://earthquake.usgs.gov/earthquakes/eventpage/tx2026rkejxo","detail":"https://earthquake.usgs.gov/earthquakes/feed/v1.0/detail/tx2026rkejxo.geojson","felt":null,"cdi":null,"mmi":null,"alert":null,"status":"reviewed","tsunami":0,"sig":6,"net":"tx","code":"2026rkejxo","ids":",tx2026rkejxo,","sources":",tx,","types":",origin,phase-data,","nst":29,"dmin":0,"rms":0.2,"gap":46,"magType":"ml","type":"earthquake","title":"M 0.6 - 26 km SW of Ackerly, Texas"},"geometry":{"type":"Point","coordinates":[-101.924,32.365,7.0557]},"id":"tx2026rkejxo"},
{"type":"Feature","properties":{"mag":1.7,"place":"6 km SW of Toyah, Texas","time":1788508446159,"updated":1788508687418,"tz":null,"url":"https://earthquake.usgs.gov/earthquakes/eventpage/tx2026rkejbr","detail":"https://earthquake.usgs.gov/earthquakes/feed/v1.0/detail/tx2026rkejbr.geojson","felt":null,"cdi":null,"mmi":null,"alert":null,"status":"automatic","tsunami":0,"sig":44,"net":"tx","code":"2026rkejbr","ids":",tx2026rkejbr,","sources":",tx,","types":",origin,phase-data,","nst":5,"dmin":0.3,"rms":0.2,"gap":238,"magType":"ml","type":"earthquake","title":"M 1.7 - 6 km SW of Toyah, Texas"},"geometry":{"type":"Point","coordinates":[-103.838,31.268,0]},"id":"tx2026rkejbr"},
{"type":"Feature","properties":{"mag":1.55,"place":"7 km SSE of Santa Ynez, CA","time":1788507384290,"updated":1788508032650,"tz":null,"url":"https://earthquake.usgs.gov/earthquakes/eventpage/ci41541632","detail":"https://earthquake.usgs.gov/earthquakes/feed/v1.0/detail/ci41541632.geojson","felt":null,"cdi":null,"mmi":null,"alert":null,"status":"automatic","tsunami":0,"sig":37,"net":"ci","code":"41541632","ids":",ci41541632,","sources":",ci,","types":",focal-mechanism,nearby-cities,origin,phase-data,scitech-link,","nst":39,"dmin":0.04831,"rms":0.22,"gap":82,"magType":"ml","type":"earthquake","title":"M 1.6 - 7 km SSE of Santa Ynez, CA"},"geometry":{"type":"Point","coordinates":[-120.041666666667,34.5646666666667,11.38]},"id":"ci41541632"},
{"type":"Feature","properties":{"mag":1.94,"place":"16 km N of Pāhala, Hawaii","time":1788507369860,"updated":1788507586940,"tz":null,"url":"https://earthquake.usgs.gov/earthquakes/eventpage/hv75029137","detail":"https://earthquake.usgs.gov/earthquakes/feed/v1.0/detail/hv75029137.geojson","felt":null,"cdi":null,"mmi":null,"alert":null,"status":"automatic","tsunami":0,"sig":58,"net":"hv","code":"75029137","ids":",hv75029137,","sources":",hv,","types":",origin,phase-data,","nst":21,"dmin":0.03425,"rms":0.25,"gap":78,"magType":"md","type":"earthquake","title":"M 1.9 - 16 km N of Pāhala, Hawaii"},"geometry":{"type":"Point","coordinates":[-155.488327026367,19.3543338775635,0.469999998807907]},"id":"hv75029137"},
{"type":"Feature","properties":{"mag":0.4,"place":"26 km SW of Ackerly, Texas","time":1788506429521,"updated":1788516204625,"tz":null,"url":"https://earthquake.usgs.gov/earthquakes/eventpage/tx2026rkdgay","detail":"https://earthquake.usgs.gov/earthquakes/feed/v1.0/detail/tx2026rkdgay.geojson","felt":null,"cdi":null,"mmi":null,"alert":null,"status":"reviewed","tsunami":0,"sig":2,"net":"tx","code":"2026rkdgay","ids":",tx2026rkdgay,","sources":",tx,","types":",origin,phase-data,","nst":22,"dmin":0,"rms":0.1,"gap":46,"magType":"ml","type":"earthquake","title":"M 0.4 - 26 km SW of Ackerly, Texas"},"geometry":{"type":"Point","coordinates":[-101.925,32.364,7.2754]},"id":"tx2026rkdgay"},
{"type":"Feature","properties":{"mag":2.12,"place":"19 km SE of Pāhala, Hawaii","time":1788505528670,"updated":1788505739380,"tz":null,"url":"https://earthquake.usgs.gov/earthquakes/eventpage/hv75029132","detail":"https://earthquake.usgs.gov/earthquakes/feed/v1.0/detail/hv75029132.geojson","felt":null,"cdi":null,"mmi":null,"alert":null,"status":"automatic","tsunami":0,"sig":69,"net":"hv","code":"75029132","ids":",hv75029132,","sources":",hv,","types":",origin,phase-data,","nst":39,"dmin":0.1281,"rms":0.159999996,"gap":238,"magType":"md","type":"earthquake","title":"M 2.1 - 19 km SE of Pāhala, Hawaii"},"geometry":{"type":"Point","coordinates":[-155.363006591797,19.0676670074463,32.7900009155273]},"id":"hv75029132"},
{"type":"Feature","properties":{"mag":2.4,"place":"26 km NW of Eureka Roadhouse, Alaska","time":1788504650430,"updated":1788504906506,"tz":null,"url":"https://earthquake.usgs.gov/earthquakes/eventpage/aka2026rmxbzu","detail":"https://earthquake.usgs.gov/earthquakes/feed/v1.0/detail/aka2026rmxbzu.geojson","felt":null,"cdi":null,"mmi":null,"alert":null,"status":"automatic","tsunami":0,"sig":89,"net":"ak","code":"a2026rmxbzu","ids":",aka2026rmxbzu,","sources":",ak,","types":",origin,phase-data,","nst":75,"dmin":0.3,"rms":0.9,"gap":33,"magType":"ml","type":"earthquake","title":"M 2.4 - 26 km NW of Eureka Roadhouse, Alaska"},"geometry":{"type":"Point","coordinates":[-147.518,62.112,12.4]},"id":"aka2026rmxbzu"},
{"type":"Feature","properties":{"mag":5,"place":"South Sandwich Islands region","time":1788504354522,"updated":1788505519040,"tz":null,"url":"https://earthquake.usgs.gov/earthquakes/eventpage/us7000te8r","detail":"https://earthquake.usgs.gov/earthquakes/feed/v1.0/detail/us7000te8r.geojson","felt":null,"cdi":null,"mmi":null,"alert":null,"status":"reviewed","tsunami":0,"sig":385,"net":"us","code":"7000te8r","ids":",us7000te8r,","sources":",us,","types":",origin,phase-data,","nst":35,"dmin":6.199,"rms":0.74,"gap":90,"magType":"mb","type":"earthquake","title":"M 5.0 - South Sandwich Islands region"},"geometry":{"type":"Point","coordinates":[-26.1632,-56.1536,10]},"id":"us7000te8r"},
{"type":"Feature","properties":{"mag":2.01,"place":"3 km W of Pāhala, Hawaii","time":1788503598580,"updated":1788503815110,"tz":null,"url":"https://earthquake.usgs.gov/earthquakes/eventpage/hv75029107","detail":"https://earthquake.usgs.gov/earthquakes/feed/v1.0/detail/hv75029107.geojson","felt":null,"cdi":null,"mmi":null,"alert":null,"status":"automatic","tsunami":0,"sig":62,"net":"hv","code":"75029107","ids":",hv75029107,","sources":",hv,","types":",origin,phase-data,","nst":40,"dmin":0.04341,"rms":0.25,"gap":76,"magType":"md","type":"earthquake","title":"M 2.0 - 3 km W of Pāhala, Hawaii"},"geometry":{"type":"Point","coordinates":[-155.507507324219,19.2054996490479,-0.680000007152557]},"id":"hv75029107"},
{"type":"Feature","properties":{"mag":1.9,"place":"8 km NNW of Fritz Creek, Alaska","time":1788503518276,"updated":1788503607463,"tz":null,"url":"https://earthquake.usgs.gov/earthquakes/eventpage/aka2026rmwlri","detail":"https://earthquake.usgs.gov/earthquakes/feed/v1.0/detail/aka2026rmwlri.geojson","felt":null,"cdi":null,"mmi":null,"alert":null,"status":"automatic","tsunami":0,"sig":56,"net":"ak","code":"a2026rmwlri","ids":",aka2026rmwlri,","sources":",ak,","types":",origin,phase-data,","nst":32,"dmin":0.2,"rms":0.8,"gap":64,"magType":"ml","type":"earthquake","title":"M 1.9 - 8 km NNW of Fritz Creek, Alaska"},"geometry":{"type":"Point","coordinates":[-151.351,59.811,50.6]},"id":"aka2026rmwlri"},
{"type":"Feature","properties":{"mag":0.89,"place":"6 km ESE of Tres Pinos, CA","time":1788503440470,"updated":1788505642259,"tz":null,"url":"https://earthquake.usgs.gov/earthquakes/eventpage/nc75429532","detail":"https://earthquake.usgs.gov/earthquakes/feed/v1.0/detail/nc75429532.geojson","felt":null,"cdi":null,"mmi":null,"alert":null,"status":"automatic","tsunami":0,"sig":12,"net":"nc","code":"75429532","ids":",nc75429532,","sources":",nc,","types":",nearby-cities,origin,phase-data,scitech-link,","nst":9,"dmin":0.0412,"rms":0.05,"gap":73,"magType":"md","type":"earthquake","title":"M 0.9 - 6 km ESE of Tres Pinos, CA"},"geometry":{"type":"Point","coordinates":[-121.261329650879,36.769832611084,6.11999988555908]},"id":"nc75429532"},
{"type":"Feature","properties":{"mag":1.6,"place":"16 km W of Kalifornsky, Alaska","time":1788501865235,"updated":1788501951740,"tz":null,"url":"https://earthquake.usgs.gov/earthquakes/eventpage/aka2026rmvnup","detail":"https://earthquake.usgs.gov/earthquakes/feed/v1.0/detail/aka2026rmvnup.geojson","felt":null,"cdi":null,"mmi":null,"alert":null,"status":"automatic","tsunami":0,"sig":39,"net":"ak","code":"a2026rmvnup","ids":",aka2026rmvnup,","sources":",ak,","types":",origin,phase-data,","nst":27,"dmin":0.4,"rms":0.7,"gap":42,"magType":"ml","type":"earthquake","title":"M 1.6 - 16 km W of Kalifornsky, Alaska"},"geometry":{"type":"Point","coordinates":[-151.597,60.425,70.8]},"id":"aka2026rmvnup"},
{"type":"Feature","properties":{"mag":1.9,"place":"28 km WNW of Petersville, Alaska","time":1788501426862,"updated":1788501566034,"tz":null,"url":"https://earthquake.usgs.gov/earthquakes/eventpage/aka2026rmvhlq","detail":"https://earthquake.usgs.gov/earthquakes/feed/v1.0/detail/aka2026rmvhlq.geojson","felt":null,"cdi":null,"mmi":null,"alert":null,"status":"automatic","tsunami":0,"sig":56,"net":"ak","code":"a2026rmvhlq","ids":",aka2026rmvhlq,","sources":",ak,","types":",origin,phase-data,","nst":30,"dmin":0.2,"rms":0.5,"gap":98,"magType":"ml","type":"earthquake","title":"M 1.9 - 28 km WNW of Petersville, Alaska"},"geometry":{"type":"Point","coordinates":[-151.275,62.606,95.1]},"id":"aka2026rmvhlq"},
{"type":"Feature","properties":{"mag":2.2,"place":"29 km WNW of Skwentna, Alaska","time":1788501232500,"updated":1788501841741,"tz":null,"url":"https://earthquake.usgs.gov/earthquakes/eventpage/aka2026rmveqq","detail":"https://earthquake.usgs.gov/earthquakes/feed/v1.0/detail/aka2026rmveqq.geojson","felt":1,"cdi":1,"mmi":null,"alert":null,"status":"automatic","tsunami":0,"sig":75,"net":"ak","code":"a2026rmveqq","ids":",aka2026rmveqq,","sources":",ak,","types":",dyfi,origin,phase-data,","nst":62,"dmin":0.2,"rms":0.6,"gap":118,"magType":"ml","type":"earthquake","title":"M 2.2 - 29 km WNW of Skwentna, Alaska"},"geometry":{"type":"Point","coordinates":[-151.917,62.088,110.4]},"id":"aka2026rmveqq"},
{"type":"Feature","properties":{"mag":1.82,"place":"16 km SE of Petrolia, CA","time":1788501135830,"updated":1788503840076,"tz":null,"url":"https://earthquake.usgs.gov/earthquakes/eventpage/nc75429527","detail":"https://earthquake.usgs.gov/earthquakes/feed/v1.0/detail/nc75429527.geojson","felt":null,"cdi":null,"mmi":null,"alert":null,"status":"automatic","tsunami":0,"sig":51,"net":"nc","code":"75429527","ids":",nc75429527,","sources":",nc,","types":",nearby-cities,origin,phase-data,scitech-link,","nst":8,"dmin":null,"rms":0.14,"gap":143,"magType":"md","type":"earthquake","title":"M 1.8 - 16 km SE of Petrolia, CA"},"geometry":{"type":"Point","coordinates":[-124.155334472656,40.223331451416,2.28999996185303]},"id":"nc75429527"},
{"type":"Feature","properties":{"mag":0.62,"place":"13 km N of Borrego Springs, CA","time":1788500359180,"updated":1788500566564,"tz":null,"url":"https://earthquake.usgs.gov/earthquakes/eventpage/ci41541624","detail":"https://earthquake.usgs.gov/earthquakes/feed/v1.0/detail/ci41541624.geojson","felt":null,"cdi":null,"mmi":null,"alert":null,"status":"automatic","tsunami":0,"sig":6,"net":"ci","code":"41541624","ids":",ci41541624,","sources":",ci,","types":",nearby-cities,origin,phase-data,","nst":41,"dmin":0.04511,"rms":0.19,"gap":57,"magType":"ml","type":"earthquake","title":"M 0.6 - 13 km N of Borrego Springs, CA"},"geometry":{"type":"Point","coordinates":[-116.384666666667,33.3695,12.97]},"id":"ci41541624"},
{"type":"Feature","properties":{"mag":2.18,"place":"4 km S of Pāhala, Hawaii","time":1788499441170,"updated":1788499668840,"tz":null,"url":"https://earthquake.usgs.gov/earthquakes/eventpage/hv75029062","detail":"https://earthquake.usgs.gov/earthquakes/feed/v1.0/detail/hv75029062.geojson","felt":null,"cdi":null,"mmi":null,"alert":null,"status":"automatic","tsunami":0,"sig":73,"net":"hv","code":"75029062","ids":",hv75029062,","sources":",hv,","types":",origin,phase-data,","nst":38,"dmin":0.02485,"rms":0.140000001,"gap":107,"magType":"md","type":"earthquake","title":"M 2.2 - 4 km S of Pāhala, Hawaii"},"geometry":{"type":"Point","coordinates":[-155.48567199707,19.1665000915527,29.0799999237061]},"id":"hv75029062"},
{"type":"Feature","properties":{"mag":1,"place":"117 km S of McCarthy, Alaska","time":1788498895240,"updated":1788498954393,"tz":null,"url":"https://earthquake.usgs.gov/earthquakes/eventpage/aka2026rmtwwk","detail":"https://earthquake.usgs.gov/earthquakes/feed/v1.0/detail/aka2026rmtwwk.geojson","felt":null,"cdi":null,"mmi":null,"alert":null,"status":"automatic","tsunami":0,"sig":15,"net":"ak","code":"a2026rmtwwk","ids":",aka2026rmtwwk,","sources":",ak,","types":",origin,phase-data,","nst":14,"dmin":0.1,"rms":0.8,"gap":122,"magType":"ml","type":"earthquake","title":"M 1.0 - 117 km S of McCarthy, Alaska"},"geometry":{"type":"Point","coordinates":[-142.894,60.382,16.2]},"id":"aka2026rmtwwk"},
{"type":"Feature","properties":{"mag":5.2,"place":"28 km S of Cilacap, Indonesia","time":1788498294278,"updated":1788505186462,"tz":null,"url":"https://earthquake.usgs.gov/earthquakes/eventpage/us7000te82","detail":"https://earthquake.usgs.gov/earthquakes/feed/v1.0/detail/us7000te82.geojson","felt":4,"cdi":4.1,"mmi":null,"alert":null,"status":"reviewed","tsunami":0,"sig":418,"net":"us","code":"7000te82","ids":",us7000te82,","sources":",us,","types":",dyfi,origin,phase-data,","nst":65,"dmin":4.116,"rms":0.95,"gap":45,"magType":"mb","type":"earthquake","title":"M 5.2 - 28 km S of Cilacap, Indonesia"},"geometry":{"type":"Point","coordinates":[109.0409,-7.9867,10]},"id":"us7000te82"},
{"type":"Feature","properties":{"mag":1.71,"place":"21 km SE of Pāhala, Hawaii","time":1788497698560,"updated":1788497910380,"tz":null,"url":"https://earthquake.usgs.gov/earthquakes/eventpage/hv75029057","detail":"https://earthquake.usgs.gov/earthquakes/feed/v1.0/detail/hv75029057.geojson","felt":null,"cdi":null,"mmi":null,"alert":null,"status":"automatic","tsunami":0,"sig":45,"net":"hv","code":"75029057","ids":",hv75029057,","sources":",hv,","types":",origin,phase-data,","nst":18,"dmin":0.1954,"rms":0.180000007,"gap":246,"magType":"md","type":"earthquake","title":"M 1.7 - 21 km SE of Pāhala, Hawaii"},"geometry":{"type":"Point","coordinates":[-155.354507446289,19.0453338623047,27.5799999237061]},"id":"hv75029057"},
{"type":"Feature","properties":{"mag":2.4,"place":"42 km NW of Toyah, Texas","time":1788497694983,"updated":1788505652520,"tz":null,"url":"https://earthquake.usgs.gov/earthquakes/eventpage/tx2026rjykqs","detail":"https://earthquake.usgs.gov/earthquakes/feed/v1.0/detail/tx2026rjykqs.geojson","felt":null,"cdi":null,"mmi":null,"alert":null,"status":"reviewed","tsunami":0,"sig":89,"net":"tx","code":"2026rjykqs","ids":",tx2026rjykqs,","sources":",tx,","types":",origin,phase-data,","nst":26,"dmin":0.2,"rms":0.1,"gap":67,"magType":"ml","type":"earthquake","title":"M 2.4 - 42 km NW of Toyah, Texas"},"geometry":{"type":"Point","coordinates":[-104.139,31.56,6.1768]},"id":"tx2026rjykqs"},
{"type":"Feature","properties":{"mag":2,"place":"59 km SE of Denali National Park, Alaska","time":1788497238304,"updated":1788497396550,"tz":null,"url":"https://earthquake.usgs.gov/earthquakes/eventpage/aka2026rmsyps","detail":"https://earthquake.usgs.gov/earthquakes/feed/v1.0/detail/aka2026rmsyps.geojson","felt":null,"cdi":null,"mmi":null,"alert":null,"status":"automatic","tsunami":0,"sig":62,"net":"ak","code":"a2026rmsyps","ids":",aka2026rmsyps,","sources":",ak,","types":",origin,phase-data,","nst":36,"dmin":0.7,"rms":0.6,"gap":84,"magType":"ml","type":"earthquake","title":"M 2.0 - 59 km SE of Denali National Park, Alaska"},"geometry":{"type":"Point","coordinates":[-150.727,63.243,130.2]},"id":"aka2026rmsyps"},
{"type":"Feature","properties":{"mag":0.26,"place":"9 km NW of The Geysers, CA","time":1788496738550,"updated":1788496837231,"tz":null,"url":"https://earthquake.usgs.gov/earthquakes/eventpage/nc75429507","detail":"https://earthquake.usgs.gov/earthquakes/feed/v1.0/detail/nc75429507.geojson","felt":null,"cdi":null,"mmi":null,"alert":null,"status":"automatic","tsunami":0,"sig":1,"net":"nc","code":"75429507","ids":",nc75429507,","sources":",nc,","types":",nearby-cities,origin,phase-data,","nst":7,"dmin":0.005542,"rms":0.03,"gap":81,"magType":"md","type":"earthquake","title":"M 0.3 - 9 km NW of The Geysers, CA"},"geometry":{"type":"Point","coordinates":[-122.831497192383,38.8339996337891,1.16999995708466]},"id":"nc75429507"},
{"type":"Feature","properties":{"mag":0.79,"place":"1 km NE of The Geysers, CA","time":1788496687620,"updated":1788498441468,"tz":null,"url":"https://earthquake.usgs.gov/earthquakes/eventpage/nc75429502","detail":"https://earthquake.usgs.gov/earthquakes/feed/v1.0/detail/nc75429502.geojson","felt":null,"cdi":null,"mmi":null,"alert":null,"status":"automatic","tsunami":0,"sig":10,"net":"nc","code":"75429502","ids":",nc75429502,","sources":",nc,","types":",nearby-cities,origin,phase-data,scitech-link,","nst":11,"dmin":0.009108,"rms":0.02,"gap":85,"magType":"md","type":"earthquake","title":"M 0.8 - 1 km NE of The Geysers, CA"},"geometry":{"type":"Point","coordinates":[-122.74666595459,38.7879981994629,1.85000002384186]},"id":"nc75429502"},
{"type":"Feature","properties":{"mag":2.02,"place":"14 km ESE of Pāhala, Hawaii","time":1788496592370,"updated":1788496815710,"tz":null,"url":"https://earthquake.usgs.gov/earthquakes/eventpage/hv75029052","detail":"https://earthquake.usgs.gov/earthquakes/feed/v1.0/detail/hv75029052.geojson","felt":null,"cdi":null,"mmi":null,"alert":null,"status":"automatic","tsunami":0,"sig":63,"net":"hv","code":"75029052","ids":",hv75029052,","sources":",hv,","types":",origin,phase-data,","nst":33,"dmin":0.08465,"rms":0.119999997,"gap":187,"magType":"md","type":"earthquake","title":"M 2.0 - 14 km ESE of Pāhala, Hawaii"},"geometry":{"type":"Point","coordinates":[-155.342498779297,19.1703338623047,27.1700000762939]},"id":"hv75029052"},
{"type":"Feature","properties":{"mag":3.1,"place":"40 km NW of Toyah, Texas","time":1788496525328,"updated":1788497660593,"tz":null,"url":"https://earthquake.usgs.gov/earthquakes/eventpage/tx2026rjxsxm","detail":"https://earthquake.usgs.gov/earthquakes/feed/v1.0/detail/tx2026rjxsxm.geojson","felt":null,"cdi":null,"mmi":null,"alert":null,"status":"reviewed","tsunami":0,"sig":148,"net":"tx","code":"2026rjxsxm","ids":",us7000te7v,tx2026rjxsxm,","sources":",us,tx,","types":",origin,phase-data,","nst":15,"dmin":0,"rms":0.1,"gap":68,"magType":"ml","type":"earthquake","title":"M 3.1 - 40 km NW of Toyah, Texas"},"geometry":{"type":"Point","coordinates":[-104.129,31.542,8.5095]},"id":"tx2026rjxsxm"},
{"type":"Feature","properties":{"mag":0.75,"place":"8 km NW of The Geysers, CA","time":1788496082060,"updated":1788496177293,"tz":null,"url":"https://earthquake.usgs.gov/earthquakes/eventpage/nc75429492","detail":"https://earthquake.usgs.gov/earthquakes/feed/v1.0/detail/nc75429492.geojson","felt":null,"cdi":null,"mmi":null,"alert":null,"status":"automatic","tsunami":0,"sig":9,"net":"nc","code":"75429492","ids":",nc75429492,","sources":",nc,","types":",nearby-cities,origin,phase-data,","nst":10,"dmin":0.006023,"rms":0.02,"gap":84,"magType":"md","type":"earthquake","title":"M 0.8 - 8 km NW of The Geysers, CA"},"geometry":{"type":"Point","coordinates":[-122.814498901367,38.8283348083496,2.15000009536743]},"id":"nc75429492"},
{"type":"Feature","properties":{"mag":1,"place":"119 km S of McCarthy, Alaska","time":1788495553224,"updated":1788495605246,"tz":null,"url":"https://earthquake.usgs.gov/earthquakes/eventpage/aka2026rmsaor","detail":"https://earthquake.usgs.gov/earthquakes/feed/v1.0/detail/aka2026rmsaor.geojson","felt":null,"cdi":null,"mmi":null,"alert":null,"status":"automatic","tsunami":0,"sig":15,"net":"ak","code":"a2026rmsaor","ids":",aka2026rmsaor,","sources":",ak,","types":",origin,phase-data,","nst":9,"dmin":0.1,"rms":0.7,"gap":166,"magType":"ml","type":"earthquake","title":"M 1.0 - 119 km S of McCarthy, Alaska"},"geometry":{"type":"Point","coordinates":[-142.874,60.363,5]},"id":"aka2026rmsaor"},
{"type":"Feature","properties":{"mag":0.75,"place":"4 km NNW of The Geysers, CA","time":1788495343240,"updated":1788496643282,"tz":null,"url":"https://earthquake.usgs.gov/earthquakes/eventpage/nc75429487","detail":"https://earthquake.usgs.gov/earthquakes/feed/v1.0/detail/nc75429487.geojson","felt":null,"cdi":null,"mmi":null,"alert":null,"status":"automatic","tsunami":0,"sig":9,"net":"nc","code":"75429487","ids":",nc75429487,","sources":",nc,","types":",nearby-cities,origin,phase-data,scitech-link,","nst":7,"dmin":0.01349,"rms":0.01,"gap":104,"magType":"md","type":"earthquake","title":"M 0.8 - 4 km NNW of The Geysers, CA"},"geometry":{"type":"Point","coordinates":[-122.771499633789,38.8105010986328,1.41999995708466]},"id":"nc75429487"},
{"type":"Feature","properties":{"mag":0.8,"place":"11 km NNW of Midland, Texas","time":1788495191746,"updated":1788510421236,"tz":null,"url":"https://earthquake.usgs.gov/earthquakes/eventpage/tx2026rjxapf","detail":"https://earthquake.usgs.gov/earthquakes/feed/v1.0/detail/tx2026rjxapf.geojson","felt":null,"cdi":null,"mmi":null,"alert":null,"status":"reviewed","tsunami":0,"sig":10,"net":"tx","code":"2026rjxapf","ids":",tx2026rjxapf,","sources":",tx,","types":",origin,phase-data,","nst":41,"dmin":0.1,"rms":0.2,"gap":67,"magType":"ml","type":"earthquake","title":"M 0.8 - 11 km NNW of Midland, Texas"},"geometry":{"type":"Point","coordinates":[-102.105,32.097,8.7402]},"id":"tx2026rjxapf"},
{"type":"Feature","properties":{"mag":1.21,"place":"9 km NNW of Big Bear Lake, CA","time":1788494875220,"updated":1788495511770,"tz":null,"url":"https://earthquake.usgs.gov/earthquakes/eventpage/ci41541616","detail":"https://earthquake.usgs.gov/earthquakes/feed/v1.0/detail/ci41541616.geojson","felt":null,"cdi":null,"mmi":null,"alert":null,"status":"automatic","tsunami":0,"sig":23,"net":"ci","code":"41541616","ids":",ci41541616,","sources":",ci,","types":",focal-mechanism,nearby-cities,origin,phase-data,","nst":56,"dmin":0.0582,"rms":0.14,"gap":41,"magType":"ml","type":"earthquake","title":"M 1.2 - 9 km NNW of Big Bear Lake, CA"},"geometry":{"type":"Point","coordinates":[-116.9615,34.3098333333333,4.63]},"id":"ci41541616"},
{"type":"Feature","properties":{"mag":1.45,"place":"7 km E of Ojai, CA","time":1788494599850,"updated":1788494812422,"tz":null,"url":"https://earthquake.usgs.gov/earthquakes/eventpage/ci41541608","detail":"https://earthquake.usgs.gov/earthquakes/feed/v1.0/detail/ci41541608.geojson","felt":null,"cdi":null,"mmi":null,"alert":null,"status":"automatic","tsunami":0,"sig":32,"net":"ci","code":"41541608","ids":",ci41541608,","sources":",ci,","types":",nearby-cities,origin,phase-data,scitech-link,","nst":40,"dmin":0.02204,"rms":0.31,"gap":58,"magType":"ml","type":"earthquake","title":"M 1.5 - 7 km E of Ojai, CA"},"geometry":{"type":"Point","coordinates":[-119.164166666667,34.4365,4.95]},"id":"ci41541608"},
{"type":"Feature","properties":{"mag":0.78,"place":"7 km NW of The Geysers, CA","time":1788494462720,"updated":1788497245343,"tz":null,"url":"https://earthquake.usgs.gov/earthquakes/eventpage/nc75429482","detail":"https://earthquake.usgs.gov/earthquakes/feed/v1.0/detail/nc75429482.geojson","felt":null,"cdi":null,"mmi":null,"alert":null,"status":"automatic","tsunami":0,"sig":9,"net":"nc","code":"75429482","ids":",nc75429482,","sources":",nc,","types":",nearby-cities,origin,phase-data,scitech-link,","nst":14,"dmin":0.007995,"rms":0.02,"gap":75,"magType":"md","type":"earthquake","title":"M 0.8 - 7 km NW of The Geysers, CA"},"geometry":{"type":"Point","coordinates":[-122.814002990723,38.8160018920898,3.14000010490417]},"id":"nc75429482"},
{"type":"Feature","properties":{"mag":1.4,"place":"32 km NNE of Skwentna, Alaska","time":1788493883121,"updated":1788493966337,"tz":null,"url":"https://earthquake.usgs.gov/earthquakes/eventpage/aka2026rmrcll","detail":"https://earthquake.usgs.gov/earthquakes/feed/v1.0/detail/aka2026rmrcll.geojson","felt":null,"cdi":null,"mmi":null,"alert":null,"status":"automatic","tsunami":0,"sig":30,"net":"ak","code":"a2026rmrcll","ids":",aka2026rmrcll,","sources":",ak,","types":",origin,phase-data,","nst":14,"dmin":0.3,"rms":0.3,"gap":124,"magType":"ml","type":"earthquake","title":"M 1.4 - 32 km NNE of Skwentna, Alaska"},"geometry":{"type":"Point","coordinates":[-151.235,62.269,77.3]},"id":"aka2026rmrcll"},
{"type":"Feature","properties":{"mag":0.96,"place":"7 km NW of The Geysers, CA","time":1788492856790,"updated":1788495743166,"tz":null,"url":"https://earthquake.usgs.gov/earthquakes/eventpage/nc75429477","detail":"https://earthquake.usgs.gov/earthquakes/feed/v1.0/detail/nc75429477.geojson","felt":null,"cdi":null,"mmi":null,"alert":null,"status":"automatic","tsunami":0,"sig":14,"net":"nc","code":"75429477","ids":",nc75429477,","sources":",nc,","types":",nearby-cities,origin,phase-data,scitech-link,","nst":18,"dmin":0.003379,"rms":0.05,"gap":44,"magType":"md","type":"earthquake","title":"M 1.0 - 7 km NW of The Geysers, CA"},"geometry":{"type":"Point","coordinates":[-122.812835693359,38.826000213623,3.07999992370605]},"id":"nc75429477"},
{"type":"Feature","properties":{"mag":4.1,"place":"101 km SSE of Sand Point, Alaska","time":1788492790594,"updated":1788493579086,"tz":null,"url":"https://earthquake.usgs.gov/earthquakes/eventpage/us7000te7s","detail":"https://earthquake.usgs.gov/earthquakes/feed/v1.0/detail/us7000te7s.geojson","felt":null,"cdi":null,"mmi":2.699,"alert":null,"status":"reviewed","tsunami":0,"sig":259,"net":"us","code":"7000te7s","ids":",us7000te7s,aka2026rmqmuw,","sources":",us,ak,","types":",origin,phase-data,shakemap,","nst":18,"dmin":1.591,"rms":0.43,"gap":166,"magType":"mb","type":"earthquake","title":"M 4.1 - 101 km SSE of Sand Point, Alaska"},"geometry":{"type":"Point","coordinates":[-159.815,54.5154,35.625]},"id":"us7000te7s"},
{"type":"Feature","properties":{"mag":0.69,"place":"11 km WNW of Cobb, CA","time":1788491601590,"updated":1788493042859,"tz":null,"url":"https://earthquake.usgs.gov/earthquakes/eventpage/nc75429472","detail":"https://earthquake.usgs.gov/earthquakes/feed/v1.0/detail/nc75429472.geojson","felt":null,"cdi":null,"mmi":null,"alert":null,"status":"automatic","tsunami":0,"sig":7,"net":"nc","code":"75429472","ids":",nc75429472,","sources":",nc,","types":",nearby-cities,origin,phase-data,scitech-link,","nst":12,"dmin":0.01412,"rms":0.01,"gap":112,"magType":"md","type":"earthquake","title":"M 0.7 - 11 km WNW of Cobb, CA"},"geometry":{"type":"Point","coordinates":[-122.846168518066,38.8499984741211,1.42999994754791]},"id":"nc75429472"},
{"type":"Feature","properties":{"mag":2.2,"place":"67 km SSE of Pope-Vannoy Landing, Alaska","time":1788490960707,"updated":1788491196526,"tz":null,"url":"https://earthquake.usgs.gov/earthquakes/eventpage/aka2026rmpmey","detail":"https://earthquake.usgs.gov/earthquakes/feed/v1.0/detail/aka2026rmpmey.geojson","felt":null,"cdi":null,"mmi":null,"alert":null,"status":"automatic","tsunami":0,"sig":74,"net":"ak","code":"a2026rmpmey","ids":",aka2026rmpmey,","sources":",ak,","types":",origin,phase-data,","nst":84,"dmin":0.2,"rms":0.8,"gap":58,"magType":"ml","type":"earthquake","title":"M 2.2 - 67 km SSE of Pope-Vannoy Landing, Alaska"},"geometry":{"type":"Point","coordinates":[-153.866,59.049,122.2]},"id":"aka2026rmpmey"},
{"type":"Feature","properties":{"mag":0.46,"place":"6 km WNW of The Geysers, CA","time":1788490862280,"updated":1788492141748,"tz":null,"url":"https://earthquake.usgs.gov/earthquakes/eventpage/nc75429462","detail":"https://earthquake.usgs.gov/earthquakes/feed/v1.0/detail/nc75429462.geojson","felt":null,"cdi":null,"mmi":null,"alert":null,"status":"automatic","tsunami":0,"sig":3,"net":"nc","code":"75429462","ids":",nc75429462,","sources":",nc,","types":",nearby-cities,origin,phase-data,scitech-link,","nst":11,"dmin":0.01255,"rms":0.03,"gap":78,"magType":"md","type":"earthquake","title":"M 0.5 - 6 km WNW of The Geysers, CA"},"geometry":{"type":"Point","coordinates":[-122.817001342773,38.800666809082,3.10999989509583]},"id":"nc75429462"},
{"type":"Feature","properties":{"mag":2.3,"place":"30 km E of Denali Park, Alaska","time":1788490804030,"updated":1788491060697,"tz":null,"url":"https://earthquake.usgs.gov/earthquakes/eventpage/aka2026rmpjyd","detail":"https://earthquake.usgs.gov/earthquakes/feed/v1.0/detail/aka2026rmpjyd.geojson","felt":null,"cdi":null,"mmi":null,"alert":null,"status":"automatic","tsunami":0,"sig":81,"net":"ak","code":"a2026rmpjyd","ids":",aka2026rmpjyd,","sources":",ak,","types":",origin,phase-data,","nst":55,"dmin":0.3,"rms":0.8,"gap":34,"magType":"ml","type":"earthquake","title":"M 2.3 - 30 km E of Denali Park, Alaska"},"geometry":{"type":"Point","coordinates":[-148.297,63.685,84.6]},"id":"aka2026rmpjyd"},
{"type":"Feature","properties":{"mag":0.59,"place":"14 km N of Warner Springs, CA","time":1788490567880,"updated":1788490782239,"tz":null,"url":"https://earthquake.usgs.gov/earthquakes/eventpage/ci41541600","detail":"https://earthquake.usgs.gov/earthquakes/feed/v1.0/detail/ci41541600.geojson","felt":null,"cdi":null,"mmi":null,"alert":null,"status":"automatic","tsunami":0,"sig":5,"net":"ci","code":"41541600","ids":",ci41541600,","sources":",ci,","types":",nearby-cities,origin,phase-data,","nst":34,"dmin":0.08521,"rms":0.15,"gap":64,"magType":"ml","type":"earthquake","title":"M 0.6 - 14 km N of Warner Springs, CA"},"geometry":{"type":"Point","coordinates":[-116.6345,33.4111666666667,7.09]},"id":"ci41541600"},
{"type":"Feature","properties":{"mag":0.75,"place":"10 km NW of The Geysers, CA","time":1788489699490,"updated":1788489797394,"tz":null,"url":"https://earthquake.usgs.gov/earthquakes/eventpage/nc75429452","detail":"https://earthquake.usgs.gov/earthquakes/feed/v1.0/detail/nc75429452.geojson","felt":null,"cdi":null,"mmi":null,"alert":null,"status":"automatic","tsunami":0,"sig":9,"net":"nc","code":"75429452","ids":",nc75429452,","sources":",nc,","types":",nearby-cities,origin,phase-data,","nst":8,"dmin":0.001666,"rms":0.01,"gap":72,"magType":"md","type":"earthquake","title":"M 0.8 - 10 km NW of The Geysers, CA"},"geometry":{"type":"Point","coordinates":[-122.834831237793,38.8370018005371,1.54999995231628]},"id":"nc75429452"},
{"type":"Feature","properties":{"mag":0.89,"place":"10 km NW of The Geysers, CA","time":1788489635450,"updated":1788491240654,"tz":null,"url":"https://earthquake.usgs.gov/earthquakes/eventpage/nc75429447","detail":"https://earthquake.usgs.gov/earthquakes/feed/v1.0/detail/nc75429447.geojson","felt":null,"cdi":null,"mmi":null,"alert":null,"status":"automatic","tsunami":0,"sig":12,"net":"nc","code":"75429447","ids":",nc75429447,","sources":",nc,","types":",nearby-cities,origin,phase-data,scitech-link,","nst":18,"dmin":0.001259,"rms":0.01,"gap":53,"magType":"md","type":"earthquake","title":"M 0.9 - 10 km NW of The Geysers, CA"},"geometry":{"type":"Point","coordinates":[-122.835334777832,38.8373336791992,1.63999998569489]},"id":"nc75429447"},
{"type":"Feature","properties":{"mag":5,"place":"236 km ESE of Attu Station, Alaska","time":1788488918697,"updated":1788511122011,"tz":null,"url":"https://earthquake.usgs.gov/earthquakes/eventpage/us7000te7l","detail":"https://earthquake.usgs.gov/earthquakes/feed/v1.0/detail/us7000te7l.geojson","felt":null,"cdi":null,"mmi":3.37,"alert":null,"status":"reviewed","tsunami":1,"sig":385,"net":"us","code":"7000te7l","ids":",us7000te7l,attktivy,aka2026rmoiws,","sources":",us,at,ak,","types":",event-sequence,impact-link,oaf,origin,phase-data,shakemap,","nst":65,"dmin":1.376,"rms":1.14,"gap":113,"magType":"mb","type":"earthquake","title":"M 5.0 - 236 km ESE of Attu Station, Alaska"},"geometry":{"type":"Point","coordinates":[176.3482,51.9555,10]},"id":"us7000te7l"},
{"type":"Feature","properties":{"mag":2.39,"place":"7 km SE of Maria Antonia, Puerto Rico","time":1788488850360,"updated":1788491697660,"tz":null,"url":"https://earthquake.usgs.gov/earthquakes/eventpage/pr71530838","detail":"https://earthquake.usgs.gov/earthquakes/feed/v1.0/detail/pr71530838.geojson","felt":null,"cdi":null,"mmi":null,"alert":null,"status":"reviewed","tsunami":0,"sig":88,"net":"pr","code":"71530838","ids":",pr71530838,","sources":",pr,","types":",origin,phase-data,","nst":11,"dmin":0.06165,"rms":0.1,"gap":189,"magType":"md","type":"earthquake","title":"M 2.4 - 7 km SE of Maria Antonia, Puerto Rico"},"geometry":{"type":"Point","coordinates":[-66.8485,17.9205,12.91]},"id":"pr71530838"},
{"type":"Feature","properties":{"mag":2.4,"place":"1 km WSW of Pāhala, Hawaii","time":1788488348230,"updated":1788492516040,"tz":null,"url":"https://earthquake.usgs.gov/earthquakes/eventpage/hv75028972","detail":"https://earthquake.usgs.gov/earthquakes/feed/v1.0/detail/hv75028972.geojson","felt":null,"cdi":null,"mmi":null,"alert":null,"status":"automatic","tsunami":0,"sig":89,"net":"hv","code":"75028972","ids":",us7000te7j,hv75028972,","sources":",us,hv,","types":",origin,phase-data,","nst":42,"dmin":0.04938,"rms":0.150000006,"gap":75,"magType":"md","type":"earthquake","title":"M 2.4 - 1 km WSW of Pāhala, Hawaii"},"geometry":{"type":"Point","coordinates":[-155.491165161133,19.1966667175293,30.9300003051758]},"id":"hv75028972"},
{"type":"Feature","properties":{"mag":1,"place":"26 km SE of Chickaloon, Alaska","time":1788487933798,"updated":1788487994975,"tz":null,"url":"https://earthquake.usgs.gov/earthquakes/eventpage/aka2026rmnulv","detail":"https://earthquake.usgs.gov/earthquakes/feed/v1.0/detail/aka2026rmnulv.geojson","felt":null,"cdi":null,"mmi":null,"alert":null,"status":"automatic","tsunami":0,"sig":15,"net":"ak","code":"a2026rmnulv","ids":",aka2026rmnulv,","sources":",ak,","types":",origin,phase-data,","nst":9,"dmin":0.2,"rms":0.4,"gap":94,"magType":"ml","type":"earthquake","title":"M 1.0 - 26 km SE of Chickaloon, Alaska"},"geometry":{"type":"Point","coordinates":[-148.117,61.63,14.3]},"id":"aka2026rmnulv"},
{"type":"Feature","properties":{"mag":1.1,"place":"20 km NW of Toyah, Texas","time":1788487914949,"updated":1788506400281,"tz":null,"url":"https://earthquake.usgs.gov/earthquakes/eventpage/tx2026rjtafd","detail":"https://earthquake.usgs.gov/earthquakes/feed/v1.0/detail/tx2026rjtafd.geojson","felt":null,"cdi":null,"mmi":null,"alert":null,"status":"reviewed","tsunami":0,"sig":19,"net":"tx","code":"2026rjtafd","ids":",tx2026rjtafd,","sources":",tx,","types":",origin,phase-data,","nst":31,"dmin":0.1,"rms":0.2,"gap":77,"magType":"ml","type":"earthquake","title":"M 1.1 - 20 km NW of Toyah, Texas"},"geometry":{"type":"Point","coordinates":[-103.948,31.439,7.0227]},"id":"tx2026rjtafd"},
{"type":"Feature","properties":{"mag":3.8,"place":"100 km SSW of Nikolski, Alaska","time":1788487618275,"updated":1788495110867,"tz":null,"url":"https://earthquake.usgs.gov/earthquakes/eventpage/us7000te7h","detail":"https://earthquake.usgs.gov/earthquakes/feed/v1.0/detail/us7000te7h.geojson","felt":null,"cdi":null,"mmi":2.071,"alert":null,"status":"reviewed","tsunami":0,"sig":222,"net":"us","code":"7000te7h","ids":",aka2026rmnpwd,us7000te7h,","sources":",ak,us,","types":",origin,phase-data,shakemap,","nst":41,"dmin":0.74,"rms":0.81,"gap":179,"magType":"mb","type":"earthquake","title":"M 3.8 - 100 km SSW of Nikolski, Alaska"},"geometry":{"type":"Point","coordinates":[-169.3462,52.0842,35.755]},"id":"us7000te7h"},
{"type":"Feature","properties":{"mag":0.54,"place":"5 km E of Borrego Springs, CA","time":1788487572060,"updated":1788487781667,"tz":null,"url":"https://earthquake.usgs.gov/earthquakes/eventpage/ci41541584","detail":"https://earthquake.usgs.gov/earthquakes/feed/v1.0/detail/ci41541584.geojson","felt":null,"cdi":null,"mmi":null,"alert":null,"status":"automatic","tsunami":0,"sig":4,"net":"ci","code":"41541584","ids":",ci41541584,","sources":",ci,","types":",nearby-cities,origin,phase-data,","nst":35,"dmin":0.07724,"rms":0.18,"gap":65,"magType":"ml","type":"earthquake","title":"M 0.5 - 5 km E of Borrego Springs, CA"},"geometry":{"type":"Point","coordinates":[-116.319333333333,33.2605,11.67]},"id":"ci41541584"},
{"type":"Feature","properties":{"mag":0.76,"place":"10 km ENE of Coso Junction, CA","time":1788487492630,"updated":1788487703722,"tz":null,"url":"https://earthquake.usgs.gov/earthquakes/eventpage/ci41541576","detail":"https://earthquake.usgs.gov/earthquakes/feed/v1.0/detail/ci41541576.geojson","felt":null,"cdi":null,"mmi":null,"alert":null,"status":"automatic","tsunami":0,"sig":9,"net":"ci","code":"41541576","ids":",ci41541576,","sources":",ci,","types":",nearby-cities,origin,phase-data,","nst":13,"dmin":0.04938,"rms":0.07,"gap":104,"magType":"ml","type":"earthquake","title":"M 0.8 - 10 km ENE of Coso Junction, CA"},"geometry":{"type":"Point","coordinates":[-117.841333333333,36.0693333333333,3.39]},"id":"ci41541576"},
{"type":"Feature","properties":{"mag":2.8,"place":"102 km SSW of Nikolski, Alaska","time":1788487148345,"updated":1788502142818,"tz":null,"url":"https://earthquake.usgs.gov/earthquakes/eventpage/aka2026rmnjdn","detail":"https://earthquake.usgs.gov/earthquakes/feed/v1.0/detail/aka2026rmnjdn.geojson","felt":null,"cdi":null,"mmi":null,"alert":null,"status":"reviewed","tsunami":0,"sig":121,"net":"ak","code":"a2026rmnjdn","ids":",aka2026rmnjdn,","sources":",ak,","types":",origin,phase-data,","nst":15,"dmin":0.9,"rms":0.6,"gap":236,"magType":"ml","type":"earthquake","title":"M 2.8 - 102 km SSW of Nikolski, Alaska"},"geometry":{"type":"Point","coordinates":[-169.214,52.042,13.7]},"id":"aka2026rmnjdn"},
{"type":"Feature","properties":{"mag":3.9,"place":"111 km SSW of Nikolski, Alaska","time":1788486633675,"updated":1788502147817,"tz":null,"url":"https://earthquake.usgs.gov/earthquakes/eventpage/aka2026rmnbri","detail":"https://earthquake.usgs.gov/earthquakes/feed/v1.0/detail/aka2026rmnbri.geojson","felt":null,"cdi":null,"mmi":2.141,"alert":null,"status":"reviewed","tsunami":0,"sig":234,"net":"ak","code":"a2026rmnbri","ids":",aka2026rmnbri,","sources":",ak,","types":",origin,phase-data,shakemap,","nst":26,"dmin":0.9,"rms":0.7,"gap":231,"magType":"ml","type":"earthquake","title":"M 3.9 - 111 km SSW of Nikolski, Alaska"},"geometry":{"type":"Point","coordinates":[-169.279,51.971,14.1]},"id":"aka2026rmnbri"},
{"type":"Feature","properties":{"mag":2.8,"place":"106 km S of Nikolski, Alaska","time":1788486598953,"updated":1788502378740,"tz":null,"url":"https://earthquake.usgs.gov/earthquakes/eventpage/aka2026rmnbff","detail":"https://earthquake.usgs.gov/earthquakes/feed/v1.0/detail/aka2026rmnbff.geojson","felt":null,"cdi":null,"mmi":1,"alert":null,"status":"reviewed","tsunami":0,"sig":121,"net":"ak","code":"a2026rmnbff","ids":",aka2026rmnbff,","sources":",ak,","types":",origin,phase-data,shakemap,","nst":16,"dmin":0.9,"rms":0.3,"gap":239,"magType":"ml","type":"earthquake","title":"M 2.8 - 106 km S of Nikolski, Alaska"},"geometry":{"type":"Point","coordinates":[-169.107,51.996,0.2]},"id":"aka2026rmnbff"},
{"type":"Feature","properties":{"mag":3.5,"place":"107 km SSW of Nikolski, Alaska","time":1788486458979,"updated":1788501690535,"tz":null,"url":"https://earthquake.usgs.gov/earthquakes/eventpage/aka2026rmmzef","detail":"https://earthquake.usgs.gov/earthquakes/feed/v1.0/detail/aka2026rmmzef.geojson","felt":null,"cdi":null,"mmi":1.927,"alert":null,"status":"reviewed","tsunami":0,"sig":188,"net":"ak","code":"a2026rmmzef","ids":",aka2026rmmzef,","sources":",ak,","types":",origin,phase-data,shakemap,","nst":27,"dmin":0.8,"rms":0.7,"gap":232,"magType":"ml","type":"earthquake","title":"M 3.5 - 107 km SSW of Nikolski, Alaska"},"geometry":{"type":"Point","coordinates":[-169.343,52.016,18.4]},"id":"aka2026rmmzef"},
{"type":"Feature","properties":{"mag":2.07,"place":"12 km NE of Milford, Utah","time":1788486158700,"updated":1788487135840,"tz":null,"url":"https://earthquake.usgs.gov/earthquakes/eventpage/uu80154056","detail":"https://earthquake.usgs.gov/earthquakes/feed/v1.0/detail/uu80154056.geojson","felt":null,"cdi":null,"mmi":null,"alert":null,"status":"reviewed","tsunami":0,"sig":66,"net":"uu","code":"80154056","ids":",uu80154056,","sources":",uu,","types":",origin,phase-data,","nst":25,"dmin":0.03312,"rms":0.11,"gap":39,"magType":"ml","type":"earthquake","title":"M 2.1 - 12 km NE of Milford, Utah"},"geometry":{"type":"Point","coordinates":[-112.901833333333,38.4685,0.66]},"id":"uu80154056"},
{"type":"Feature","properties":{"mag":3.2,"place":"113 km SSW of Nikolski, Alaska","time":1788485880489,"updated":1788501513861,"tz":null,"url":"https://earthquake.usgs.gov/earthquakes/eventpage/aka2026rmmqtp","detail":"https://earthquake.usgs.gov/earthquakes/feed/v1.0/detail/aka2026rmmqtp.geojson","felt":null,"cdi":null,"mmi":null,"alert":null,"status":"reviewed","tsunami":0,"sig":158,"net":"ak","code":"a2026rmmqtp","ids":",aka2026rmmqtp,","sources":",ak,","types":",origin,phase-data,","nst":25,"dmin":0.9,"rms":0.6,"gap":234,"magType":"ml","type":"earthquake","title":"M 3.2 - 113 km SSW of Nikolski, Alaska"},"geometry":{"type":"Point","coordinates":[-169.311,51.961,19.9]},"id":"aka2026rmmqtp"},
{"type":"Feature","properties":{"mag":1.46,"place":"8 km NW of The Geysers, CA","time":1788485382290,"updated":1788492440788,"tz":null,"url":"https://earthquake.usgs.gov/earthquakes/eventpage/nc75429432","detail":"https://earthquake.usgs.gov/earthquakes/feed/v1.0/detail/nc75429432.geojson","felt":null,"cdi":null,"mmi":null,"alert":null,"status":"automatic","tsunami":0,"sig":33,"net":"nc","code":"75429432","ids":",nc75429432,","sources":",nc,","types":",nearby-cities,origin,phase-data,scitech-link,","nst":28,"dmin":0.008097,"rms":0.02,"gap":43,"magType":"md","type":"earthquake","title":"M 1.5 - 8 km NW of The Geysers, CA"},"geometry":{"type":"Point","coordinates":[-122.813667297363,38.8310012817383,1.8400000333786]},"id":"nc75429432"},
{"type":"Feature","properties":{"mag":2.9,"place":"107 km S of Nikolski, Alaska","time":1788485374886,"updated":1788501333084,"tz":null,"url":"https://earthquake.usgs.gov/earthquakes/eventpage/aka2026rmmjmj","detail":"https://earthquake.usgs.gov/earthquakes/feed/v1.0/detail/aka2026rmmjmj.geojson","felt":null,"cdi":null,"mmi":null,"alert":null,"status":"reviewed","tsunami":0,"sig":129,"net":"ak","code":"a2026rmmjmj","ids":",aka2026rmmjmj,","sources":",ak,","types":",origin,phase-data,","nst":18,"dmin":0.9,"rms":0.6,"gap":285,"magType":"ml","type":"earthquake","title":"M 2.9 - 107 km S of Nikolski, Alaska"},"geometry":{"type":"Point","coordinates":[-169.125,51.988,7]},"id":"aka2026rmmjmj"},
{"type":"Feature","properties":{"mag":3.1,"place":"48 km NW of Nelson Lagoon, Alaska","time":1788485266404,"updated":1788501404028,"tz":null,"url":"https://earthquake.usgs.gov/earthquakes/eventpage/aka2026rmmigw","detail":"https://earthquake.usgs.gov/earthquakes/feed/v1.0/detail/aka2026rmmigw.geojson","felt":null,"cdi":null,"mmi":null,"alert":null,"status":"reviewed","tsunami":0,"sig":148,"net":"ak","code":"a2026rmmigw","ids":",aka2026rmmigw,","sources":",ak,","types":",origin,phase-data,","nst":24,"dmin":0.6,"rms":0.6,"gap":197,"magType":"ml","type":"earthquake","title":"M 3.1 - 48 km NW of Nelson Lagoon, Alaska"},"geometry":{"type":"Point","coordinates":[-161.825,56.273,216.7]},"id":"aka2026rmmigw"},
{"type":"Feature","properties":{"mag":2.2,"place":"88 km W of Akhiok, Alaska","time":1788485195859,"updated":1788500831855,"tz":null,"url":"https://earthquake.usgs.gov/earthquakes/eventpage/aka2026rmmgxg","detail":"https://earthquake.usgs.gov/earthquakes/feed/v1.0/detail/aka2026rmmgxg.geojson","felt":null,"cdi":null,"mmi":null,"alert":null,"status":"reviewed","tsunami":0,"sig":74,"net":"ak","code":"a2026rmmgxg","ids":",aka2026rmmgxg,","sources":",ak,","types":",origin,phase-data,","nst":23,"dmin":0.8,"rms":0.7,"gap":145,"magType":"ml","type":"earthquake","title":"M 2.2 - 88 km W of Akhiok, Alaska"},"geometry":{"type":"Point","coordinates":[-155.609,56.83,9.1]},"id":"aka2026rmmgxg"},
{"type":"Feature","properties":{"mag":1.4,"place":"46 km NW of Ninilchik, Alaska","time":1788485008171,"updated":1788500754136,"tz":null,"url":"https://earthquake.usgs.gov/earthquakes/eventpage/aka2026rmmeen","detail":"https://earthquake.usgs.gov/earthquakes/feed/v1.0/detail/aka2026rmmeen.geojson","felt":null,"cdi":null,"mmi":null,"alert":null,"status":"reviewed","tsunami":0,"sig":30,"net":"ak","code":"a2026rmmeen","ids":",aka2026rmmeen,","sources":",ak,","types":",origin,phase-data,","nst":24,"dmin":0.3,"rms":0.3,"gap":71,"magType":"ml","type":"earthquake","title":"M 1.4 - 46 km NW of Ninilchik, Alaska"},"geometry":{"type":"Point","coordinates":[-152.226,60.361,83]},"id":"aka2026rmmeen"},
{"type":"Feature","properties":{"mag":0.96,"place":"10 km ENE of Coso Junction, CA","time":1788484748910,"updated":1788484959660,"tz":null,"url":"https://earthquake.usgs.gov/earthquakes/eventpage/ci41541552","detail":"https://earthquake.usgs.gov/earthquakes/feed/v1.0/detail/ci41541552.geojson","felt":null,"cdi":null,"mmi":null,"alert":null,"status":"automatic","tsunami":0,"sig":14,"net":"ci","code":"41541552","ids":",ci41541552,","sources":",ci,","types":",nearby-cities,origin,phase-data,","nst":20,"dmin":0.04911,"rms":0.13,"gap":50,"magType":"ml","type":"earthquake","title":"M 1.0 - 10 km ENE of Coso Junction, CA"},"geometry":{"type":"Point","coordinates":[-117.841,36.0696666666667,2.75]},"id":"ci41541552"},
{"type":"Feature","properties":{"mag":3,"place":"90 km S of Nikolski, Alaska","time":1788484533171,"updated":1788500629097,"tz":null,"url":"https://earthquake.usgs.gov/earthquakes/eventpage/aka2026rmlxkt","detail":"https://earthquake.usgs.gov/earthquakes/feed/v1.0/detail/aka2026rmlxkt.geojson","felt":null,"cdi":null,"mmi":null,"alert":null,"status":"reviewed","tsunami":0,"sig":138,"net":"ak","code":"a2026rmlxkt","ids":",aka2026rmlxkt,","sources":",ak,","types":",origin,phase-data,","nst":24,"dmin":0.8,"rms":0.8,"gap":232,"magType":"ml","type":"earthquake","title":"M 3.0 - 90 km S of Nikolski, Alaska"},"geometry":{"type":"Point","coordinates":[-169.061,52.136,4.4]},"id":"aka2026rmlxkt"},
{"type":"Feature","properties":{"mag":2.29,"place":"5 km NE of Nellis Air Force Base, Nevada","time":1788483129177,"updated":1788483366051,"tz":null,"url":"https://earthquake.usgs.gov/earthquakes/eventpage/nn00924179","detail":"https://earthquake.usgs.gov/earthquakes/feed/v1.0/detail/nn00924179.geojson","felt":null,"cdi":null,"mmi":null,"alert":null,"status":"automatic","tsunami":0,"sig":81,"net":"nn","code":"00924179","ids":",nn00924179,","sources":",nn,","types":",origin,phase-data,","nst":8,"dmin":0.574,"rms":0.2103,"gap":223,"magType":"ml","type":"earthquake","title":"M 2.3 - 5 km NE of Nellis Air Force Base, Nevada"},"geometry":{"type":"Point","coordinates":[-115.0139,36.2857,0.0056]},"id":"nn00924179"},
{"type":"Feature","properties":{"mag":1.7,"place":"42 km ENE of Pedro Bay, Alaska","time":1788482985480,"updated":1788500520007,"tz":null,"url":"https://earthquake.usgs.gov/earthquakes/eventpage/aka2026rmlbbj","detail":"https://earthquake.usgs.gov/earthquakes/feed/v1.0/detail/aka2026rmlbbj.geojson","felt":null,"cdi":null,"mmi":null,"alert":null,"status":"reviewed","tsunami":0,"sig":44,"net":"ak","code":"a2026rmlbbj","ids":",aka2026rmlbbj,","sources":",ak,","types":",origin,phase-data,","nst":28,"dmin":0.1,"rms":0.7,"gap":106,"magType":"ml","type":"earthquake","title":"M 1.7 - 42 km ENE of Pedro Bay, Alaska"},"geometry":{"type":"Point","coordinates":[-153.397,59.912,128.4]},"id":"aka2026rmlbbj"},
{"type":"Feature","properties":{"mag":1.73,"place":"19 km SE of Bodfish, CA","time":1788482938990,"updated":1788483589740,"tz":null,"url":"https://earthquake.usgs.gov/earthquakes/eventpage/ci41541544","detail":"https://earthquake.usgs.gov/earthquakes/feed/v1.0/detail/ci41541544.geojson","felt":null,"cdi":null,"mmi":null,"alert":null,"status":"automatic","tsunami":0,"sig":46,"net":"ci","code":"41541544","ids":",ci41541544,","sources":",ci,","types":",focal-mechanism,nearby-cities,origin,phase-data,scitech-link,","nst":44,"dmin":0.1877,"rms":0.15,"gap":38,"magType":"ml","type":"earthquake","title":"M 1.7 - 19 km SE of Bodfish, CA"},"geometry":{"type":"Point","coordinates":[-118.340166666667,35.4675,7.64]},"id":"ci41541544"},
{"type":"Feature","properties":{"mag":1.28,"place":"1 km NE of The Geysers, CA","time":1788482236890,"updated":1788486448144,"tz":null,"url":"https://earthquake.usgs.gov/earthquakes/eventpage/nc75429412","detail":"https://earthquake.usgs.gov/earthquakes/feed/v1.0/detail/nc75429412.geojson","felt":null,"cdi":null,"mmi":null,"alert":null,"status":"automatic","tsunami":0,"sig":25,"net":"nc","code":"75429412","ids":",nc75429412,","sources":",nc,","types":",nearby-cities,origin,phase-data,scitech-link,","nst":17,"dmin":0.01052,"rms":0.07,"gap":77,"magType":"md","type":"earthquake","title":"M 1.3 - 1 km NE of The Geysers, CA"},"geometry":{"type":"Point","coordinates":[-122.75016784668,38.7838325500488,0.0900000035762787]},"id":"nc75429412"},
{"type":"Feature","properties":{"mag":1.6,"place":"56 km ENE of Cantwell, Alaska","time":1788482190798,"updated":1788500343844,"tz":null,"url":"https://earthquake.usgs.gov/earthquakes/eventpage/aka2026rmkpmc","detail":"https://earthquake.usgs.gov/earthquakes/feed/v1.0/detail/aka2026rmkpmc.geojson","felt":null,"cdi":null,"mmi":null,"alert":null,"status":"reviewed","tsunami":0,"sig":39,"net":"ak","code":"a2026rmkpmc","ids":",aka2026rmkpmc,","sources":",ak,","types":",origin,phase-data,","nst":25,"dmin":0.5,"rms":0.5,"gap":40,"magType":"ml","type":"earthquake","title":"M 1.6 - 56 km ENE of Cantwell, Alaska"},"geometry":{"type":"Point","coordinates":[-147.871,63.534,0.5]},"id":"aka2026rmkpmc"},
{"type":"Feature","properties":{"mag":0.98,"place":"6 km SE of Ontario, CA","time":1788482070110,"updated":1788482274127,"tz":null,"url":"https://earthquake.usgs.gov/earthquakes/eventpage/ci41541536","detail":"https://earthquake.usgs.gov/earthquakes/feed/v1.0/detail/ci41541536.geojson","felt":null,"cdi":null,"mmi":null,"alert":null,"status":"automatic","tsunami":0,"sig":15,"net":"ci","code":"41541536","ids":",ci41541536,","sources":",ci,","types":",nearby-cities,origin,phase-data,","nst":32,"dmin":0.02111,"rms":0.17,"gap":63,"magType":"ml","type":"earthquake","title":"M 1.0 - 6 km SE of Ontario, CA"},"geometry":{"type":"Point","coordinates":[-117.5825,34.0166666666667,5.48]},"id":"ci41541536"},
{"type":"Feature","properties":{"mag":2.9,"place":"102 km SSW of Nikolski, Alaska","time":1788481426291,"updated":1788500122601,"tz":null,"url":"https://earthquake.usgs.gov/earthquakes/eventpage/aka2026rmkemu","detail":"https://earthquake.usgs.gov/earthquakes/feed/v1.0/detail/aka2026rmkemu.geojson","felt":null,"cdi":null,"mmi":null,"alert":null,"status":"reviewed","tsunami":0,"sig":129,"net":"ak","code":"a2026rmkemu","ids":",aka2026rmkemu,","sources":",ak,","types":",origin,phase-data,","nst":21,"dmin":0.8,"rms":0.4,"gap":289,"magType":"ml","type":"earthquake","title":"M 2.9 - 102 km SSW of Nikolski, Alaska"},"geometry":{"type":"Point","coordinates":[-169.322,52.063,24.6]},"id":"aka2026rmkemu"},
{"type":"Feature","properties":{"mag":1.9,"place":"73 km E of Ugashik, Alaska","time":1788481206038,"updated":1788490271680,"tz":null,"url":"https://earthquake.usgs.gov/earthquakes/eventpage/aka2026rmkbgh","detail":"https://earthquake.usgs.gov/earthquakes/feed/v1.0/detail/aka2026rmkbgh.geojson","felt":null,"cdi":null,"mmi":null,"alert":null,"status":"automatic","tsunami":0,"sig":56,"net":"ak","code":"a2026rmkbgh","ids":",av94416013,aka2026rmkbgh,","sources":",av,ak,","types":",origin,phase-data,","nst":12,"dmin":0.1,"rms":0.4,"gap":238,"magType":"ml","type":"earthquake","title":"M 1.9 - 73 km E of Ugashik, Alaska"},"geometry":{"type":"Point","coordinates":[-156.175,57.595,5]},"id":"aka2026rmkbgh"},
{"type":"Feature","properties":{"mag":1.07,"place":"3 km W of Cobb, CA","time":1788481121020,"updated":1788481216282,"tz":null,"url":"https://earthquake.usgs.gov/earthquakes/eventpage/nc75429402","detail":"https://earthquake.usgs.gov/earthquakes/feed/v1.0/detail/nc75429402.geojson","felt":null,"cdi":null,"mmi":null,"alert":null,"status":"automatic","tsunami":0,"sig":18,"net":"nc","code":"75429402","ids":",nc75429402,","sources":",nc,","types":",nearby-cities,origin,phase-data,","nst":17,"dmin":0.007313,"rms":0.02,"gap":133,"magType":"md","type":"earthquake","title":"M 1.1 - 3 km W of Cobb, CA"},"geometry":{"type":"Point","coordinates":[-122.762336730957,38.8261680603027,1.97000002861023]},"id":"nc75429402"},
{"type":"Feature","properties":{"mag":1.75,"place":"3 km SW of Pāhala, Hawaii","time":1788480586780,"updated":1788480802570,"tz":null,"url":"https://earthquake.usgs.gov/earthquakes/eventpage/hv75028947","detail":"https://earthquake.usgs.gov/earthquakes/feed/v1.0/detail/hv75028947.geojson","felt":null,"cdi":null,"mmi":null,"alert":null,"status":"automatic","tsunami":0,"sig":47,"net":"hv","code":"75028947","ids":",hv75028947,","sources":",hv,","types":",origin,phase-data,","nst":15,"dmin":0.123,"rms":0.150000006,"gap":242,"magType":"md","type":"earthquake","title":"M 1.8 - 3 km SW of Pāhala, Hawaii"},"geometry":{"type":"Point","coordinates":[-155.503173828125,19.1828327178955,24.2600002288818]},"id":"hv75028947"},
{"type":"Feature","properties":{"mag":2.8,"place":"100 km SSW of Nikolski, Alaska","time":1788480104828,"updated":1788500020373,"tz":null,"url":"https://earthquake.usgs.gov/earthquakes/eventpage/aka2026rmjlix","detail":"https://earthquake.usgs.gov/earthquakes/feed/v1.0/detail/aka2026rmjlix.geojson","felt":null,"cdi":null,"mmi":null,"alert":null,"status":"reviewed","tsunami":0,"sig":121,"net":"ak","code":"a2026rmjlix","ids":",aka2026rmjlix,","sources":",ak,","types":",origin,phase-data,","nst":15,"dmin":0.8,"rms":0.4,"gap":290,"magType":"ml","type":"earthquake","title":"M 2.8 - 100 km SSW of Nikolski, Alaska"},"geometry":{"type":"Point","coordinates":[-169.208,52.065,16.8]},"id":"aka2026rmjlix"},
{"type":"Feature","properties":{"mag":1.3,"place":"18 km NW of Midland, Texas","time":1788479849078,"updated":1788480119237,"tz":null,"url":"https://earthquake.usgs.gov/earthquakes/eventpage/tx2026rjoohr","detail":"https://earthquake.usgs.gov/earthquakes/feed/v1.0/detail/tx2026rjoohr.geojson","felt":null,"cdi":null,"mmi":null,"alert":null,"status":"automatic","tsunami":0,"sig":26,"net":"tx","code":"2026rjoohr","ids":",tx2026rjoohr,","sources":",tx,","types":",origin,phase-data,","nst":9,"dmin":0,"rms":0.3,"gap":122,"magType":"ml","type":"earthquake","title":"M 1.3 - 18 km NW of Midland, Texas"},"geometry":{"type":"Point","coordinates":[-102.214,32.117,11.225]},"id":"tx2026rjoohr"},
{"type":"Feature","properties":{"mag":1.4,"place":"5 km NW of Pleasant Valley, Alaska","time":1788479157792,"updated":1788479230592,"tz":null,"url":"https://earthquake.usgs.gov/earthquakes/eventpage/aka2026rmixqy","detail":"https://earthquake.usgs.gov/earthquakes/feed/v1.0/detail/aka2026rmixqy.geojson","felt":null,"cdi":null,"mmi":null,"alert":null,"status":"automatic","tsunami":0,"sig":30,"net":"ak","code":"a2026rmixqy","ids":",aka2026rmixqy,","sources":",ak,","types":",origin,phase-data,","nst":14,"dmin":0.1,"rms":0.5,"gap":67,"magType":"ml","type":"earthquake","title":"M 1.4 - 5 km NW of Pleasant Valley, Alaska"},"geometry":{"type":"Point","coordinates":[-146.948,64.918,10.5]},"id":"aka2026rmixqy"},
{"type":"Feature","properties":{"mag":2.28,"place":"1 km SSW of Guánica, Puerto Rico","time":1788478892810,"updated":1788480291810,"tz":null,"url":"https://earthquake.usgs.gov/earthquakes/eventpage/pr71530813","detail":"https://earthquake.usgs.gov/earthquakes/feed/v1.0/detail/pr71530813.geojson","felt":null,"cdi":null,"mmi":null,"alert":null,"status":"reviewed","tsunami":0,"sig":80,"net":"pr","code":"71530813","ids":",pr71530813,","sources":",pr,","types":",origin,phase-data,","nst":9,"dmin":0.03311,"rms":0.2,"gap":204,"magType":"md","type":"earthquake","title":"M 2.3 - 1 km SSW of Guánica, Puerto Rico"},"geometry":{"type":"Point","coordinates":[-66.9113333333333,17.9621666666667,13.4]},"id":"pr71530813"},
{"type":"Feature","properties":{"mag":-0.5,"place":"84 km NW of Karluk, Alaska","time":1788478333830,"updated":1788490391860,"tz":null,"url":"https://earthquake.usgs.gov/earthquakes/eventpage/av94415948","detail":"https://earthquake.usgs.gov/earthquakes/feed/v1.0/detail/av94415948.geojson","felt":null,"cdi":null,"mmi":null,"alert":null,"status":"reviewed","tsunami":0,"sig":0,"net":"av","code":"94415948","ids":",av94415948,","sources":",av,","types":",origin,phase-data,","nst":5,"dmin":0.03861,"rms":0.06,"gap":107,"magType":"ml","type":"earthquake","title":"M -0.5 - 84 km NW of Karluk, Alaska"},"geometry":{"type":"Point","coordinates":[-155.295833333333,58.176,3.11]},"id":"av94415948"},
{"type":"Feature","properties":{"mag":0.59,"place":"31 km W of Sitka, Alaska","time":1788478159990,"updated":1788490512110,"tz":null,"url":"https://earthquake.usgs.gov/earthquakes/eventpage/av94415943","detail":"https://earthquake.usgs.gov/earthquakes/feed/v1.0/detail/av94415943.geojson","felt":null,"cdi":null,"mmi":null,"alert":null,"status":"reviewed","tsunami":0,"sig":5,"net":"av","code":"94415943","ids":",av94415943,","sources":",av,","types":",origin,phase-data,","nst":4,"dmin":0.03501,"rms":0.12,"gap":310,"magType":"ml","type":"earthquake","title":"M 0.6 - 31 km W of Sitka, Alaska"},"geometry":{"type":"Point","coordinates":[-135.849833333333,57.0363333333333,6.19]},"id":"av94415943"},
{"type":"Feature","properties":{"mag":0.6,"place":"36 km W of Sitka, Alaska","time":1788477818470,"updated":1788489701060,"tz":null,"url":"https://earthquake.usgs.gov/earthquakes/eventpage/av94415938","detail":"https://earthquake.usgs.gov/earthquakes/feed/v1.0/detail/av94415938.geojson","felt":null,"cdi":null,"mmi":null,"alert":null,"status":"reviewed","tsunami":0,"sig":6,"net":"av","code":"94415938","ids":",av94415938,","sources":",av,","types":",origin,phase-data,","nst":4,"dmin":0.07919,"rms":0.24,"gap":329,"magType":"ml","type":"earthquake","title":"M 0.6 - 36 km W of Sitka, Alaska"},"geometry":{"type":"Point","coordinates":[-135.924166666667,57.0828333333333,17.17]},"id":"av94415938"},
{"type":"Feature","properties":{"mag":3.4,"place":"57 km W of Anchor Point, Alaska","time":1788477690801,"updated":1788487905953,"tz":null,"url":"https://earthquake.usgs.gov/earthquakes/eventpage/aka2026rmibwz","detail":"https://earthquake.usgs.gov/earthquakes/feed/v1.0/detail/aka2026rmibwz.geojson","felt":null,"cdi":null,"mmi":null,"alert":null,"status":"reviewed","tsunami":0,"sig":178,"net":"ak","code":"a2026rmibwz","ids":",us7000te6l,aka2026rmibwz,","sources":",us,ak,","types":",origin,phase-data,","nst":199,"dmin":0.1,"rms":1,"gap":62,"magType":"ml","type":"earthquake","title":"M 3.4 - 57 km W of Anchor Point, Alaska"},"geometry":{"type":"Point","coordinates":[-152.86,59.775,112.1]},"id":"aka2026rmibwz"},
{"type":"Feature","properties":{"mag":1.83,"place":"7 km SW of Volcano, Hawaii","time":1788477676490,"updated":1788479257560,"tz":null,"url":"https://earthquake.usgs.gov/earthquakes/eventpage/hv75028932","detail":"https://earthquake.usgs.gov/earthquakes/feed/v1.0/detail/hv75028932.geojson","felt":null,"cdi":null,"mmi":null,"alert":null,"status":"reviewed","tsunami":0,"sig":52,"net":"hv","code":"75028932","ids":",hv75028932,","sources":",hv,","types":",origin,phase-data,","nst":17,"dmin":0.003091,"rms":0.1,"gap":65,"magType":"ml","type":"earthquake","title":"M 1.8 - 7 km SW of Volcano, Hawaii"},"geometry":{"type":"Point","coordinates":[-155.278666666667,19.3876666666667,1.63]},"id":"hv75028932"},
{"type":"Feature","properties":{"mag":0.3,"place":"43 km NW of Toyah, Texas","time":1788477343577,"updated":1788480094962,"tz":null,"url":"https://earthquake.usgs.gov/earthquakes/eventpage/tx2026rjnegc","detail":"https://earthquake.usgs.gov/earthquakes/feed/v1.0/detail/tx2026rjnegc.geojson","felt":null,"cdi":null,"mmi":null,"alert":null,"status":"automatic","tsunami":0,"sig":1,"net":"tx","code":"2026rjnegc","ids":",tx2026rjnegc,","sources":",tx,","types":",origin,phase-data,","nst":9,"dmin":0,"rms":0.2,"gap":76,"magType":"ml","type":"earthquake","title":"M 0.3 - 43 km NW of Toyah, Texas"},"geometry":{"type":"Point","coordinates":[-104.097,31.612,4.393]},"id":"tx2026rjnegc"},
{"type":"Feature","properties":{"mag":3,"place":"103 km SSW of Nikolski, Alaska","time":1788477160657,"updated":1788487839486,"tz":null,"url":"https://earthquake.usgs.gov/earthquakes/eventpage/aka2026rmhuvl","detail":"https://earthquake.usgs.gov/earthquakes/feed/v1.0/detail/aka2026rmhuvl.geojson","felt":null,"cdi":null,"mmi":null,"alert":null,"status":"reviewed","tsunami":0,"sig":138,"net":"ak","code":"a2026rmhuvl","ids":",aka2026rmhuvl,","sources":",ak,","types":",origin,phase-data,","nst":21,"dmin":0.8,"rms":0.8,"gap":292,"magType":"ml","type":"earthquake","title":"M 3.0 - 103 km SSW of Nikolski, Alaska"},"geometry":{"type":"Point","coordinates":[-169.262,52.04,13.1]},"id":"aka2026rmhuvl"},
{"type":"Feature","properties":{"mag":1.06,"place":"24 km N of Kernville, CA","time":1788476629180,"updated":1788476832207,"tz":null,"url":"https://earthquake.usgs.gov/earthquakes/eventpage/ci41541512","detail":"https://earthquake.usgs.gov/earthquakes/feed/v1.0/detail/ci41541512.geojson","felt":null,"cdi":null,"mmi":null,"alert":null,"status":"automatic","tsunami":0,"sig":17,"net":"ci","code":"41541512","ids":",ci41541512,","sources":",ci,","types":",nearby-cities,origin,phase-data,","nst":21,"dmin":0.1906,"rms":0.18,"gap":75,"magType":"ml","type":"earthquake","title":"M 1.1 - 24 km N of Kernville, CA"},"geometry":{"type":"Point","coordinates":[-118.390333333333,35.9716666666667,12.3]},"id":"ci41541512"},
{"type":"Feature","properties":{"mag":2.7,"place":"60 km S of Whites City, New Mexico","time":1788476520152,"updated":1788477141040,"tz":null,"url":"https://earthquake.usgs.gov/earthquakes/eventpage/tx2026rjmsif","detail":"https://earthquake.usgs.gov/earthquakes/feed/v1.0/detail/tx2026rjmsif.geojson","felt":null,"cdi":null,"mmi":null,"alert":null,"status":"automatic","tsunami":0,"sig":112,"net":"tx","code":"2026rjmsif","ids":",us7000te6i,tx2026rjmsif,","sources":",us,tx,","types":",origin,phase-data,","nst":40,"dmin":0.1,"rms":0.4,"gap":74,"magType":"ml","type":"earthquake","title":"M 2.7 - 60 km S of Whites City, New Mexico"},"geometry":{"type":"Point","coordinates":[-104.412,31.627,3.8171]},"id":"tx2026rjmsif"},
{"type":"Feature","properties":{"mag":1.79,"place":"21 km SE of Pāhala, Hawaii","time":1788476518990,"updated":1788476730780,"tz":null,"url":"https://earthquake.usgs.gov/earthquakes/eventpage/hv75028922","detail":"https://earthquake.usgs.gov/earthquakes/feed/v1.0/detail/hv75028922.geojson","felt":null,"cdi":null,"mmi":null,"alert":null,"status":"automatic","tsunami":0,"sig":49,"net":"hv","code":"75028922","ids":",hv75028922,","sources":",hv,","types":",origin,phase-data,","nst":15,"dmin":0.148,"rms":0.109999999,"gap":264,"magType":"md","type":"earthquake","title":"M 1.8 - 21 km SE of Pāhala, Hawaii"},"geometry":{"type":"Point","coordinates":[-155.34016418457,19.0621662139893,34.5099983215332]},"id":"hv75028922"},
{"type":"Feature","properties":{"mag":3.4,"place":"98 km SSW of Nikolski, Alaska","time":1788476060676,"updated":1788487706245,"tz":null,"url":"https://earthquake.usgs.gov/earthquakes/eventpage/aka2026rmheuj","detail":"https://earthquake.usgs.gov/earthquakes/feed/v1.0/detail/aka2026rmheuj.geojson","felt":null,"cdi":null,"mmi":null,"alert":null,"status":"reviewed","tsunami":0,"sig":178,"net":"ak","code":"a2026rmheuj","ids":",aka2026rmheuj,","sources":",ak,","types":",origin,phase-data,","nst":27,"dmin":0.7,"rms":1,"gap":229,"magType":"ml","type":"earthquake","title":"M 3.4 - 98 km SSW of Nikolski, Alaska"},"geometry":{"type":"Point","coordinates":[-169.376,52.111,16.7]},"id":"aka2026rmheuj"},
{"type":"Feature","properties":{"mag":3.5,"place":"87 km SSW of Nikolski, Alaska","time":1788475336144,"updated":1788487594121,"tz":null,"url":"https://earthquake.usgs.gov/earthquakes/eventpage/aka2026rmguki","detail":"https://earthquake.usgs.gov/earthquakes/feed/v1.0/detail/aka2026rmguki.geojson","felt":null,"cdi":null,"mmi":null,"alert":null,"status":"reviewed","tsunami":0,"sig":188,"net":"ak","code":"a2026rmguki","ids":",aka2026rmguki,","sources":",ak,","types":",origin,phase-data,","nst":26,"dmin":0.7,"rms":0.7,"gap":224,"magType":"ml","type":"earthquake","title":"M 3.5 - 87 km SSW of Nikolski, Alaska"},"geometry":{"type":"Point","coordinates":[-169.226,52.186,12.5]},"id":"aka2026rmguki"},
{"type":"Feature","properties":{"mag":3.41,"place":"19 km SE of Pāhala, Hawaii","time":1788475142050,"updated":1788482644544,"tz":null,"url":"https://earthquake.usgs.gov/earthquakes/eventpage/hv75028917","detail":"https://earthquake.usgs.gov/earthquakes/feed/v1.0/detail/hv75028917.geojson","felt":4,"cdi":3.1,"mmi":2.555,"alert":null,"status":"reviewed","tsunami":0,"sig":180,"net":"hv","code":"75028917","ids":",hv75028917,us7000te6d,","sources":",hv,us,","types":",dyfi,origin,phase-data,shakemap,","nst":55,"dmin":0.132,"rms":0.12,"gap":208,"magType":"ml","type":"earthquake","title":"M 3.4 - 19 km SE of Pāhala, Hawaii"},"geometry":{"type":"Point","coordinates":[-155.359,19.066,31.91]},"id":"hv75028917"},
{"type":"Feature","properties":{"mag":2.2,"place":"40 km W of Anchor Point, Alaska","time":1788474907826,"updated":1788475186332,"tz":null,"url":"https://earthquake.usgs.gov/earthquakes/eventpage/aka2026rmgnym","detail":"https://earthquake.usgs.gov/earthquakes/feed/v1.0/detail/aka2026rmgnym.geojson","felt":null,"cdi":null,"mmi":null,"alert":null,"status":"automatic","tsunami":0,"sig":74,"net":"ak","code":"a2026rmgnym","ids":",aka2026rmgnym,","sources":",ak,","types":",origin,phase-data,","nst":76,"dmin":0.2,"rms":0.7,"gap":64,"magType":"ml","type":"earthquake","title":"M 2.2 - 40 km W of Anchor Point, Alaska"},"geometry":{"type":"Point","coordinates":[-152.543,59.801,88.6]},"id":"aka2026rmgnym"},
{"type":"Feature","properties":{"mag":0.93,"place":"4 km SW of Lytle Creek, CA","time":1788473798220,"updated":1788473997528,"tz":null,"url":"https://earthquake.usgs.gov/earthquakes/eventpage/ci41541504","detail":"https://earthquake.usgs.gov/earthquakes/feed/v1.0/detail/ci41541504.geojson","felt":null,"cdi":null,"mmi":null,"alert":null,"status":"automatic","tsunami":0,"sig":13,"net":"ci","code":"41541504","ids":",ci41541504,","sources":",ci,","types":",nearby-cities,origin,phase-data,","nst":22,"dmin":0.03195,"rms":0.1,"gap":65,"magType":"ml","type":"earthquake","title":"M 0.9 - 4 km SW of Lytle Creek, CA"},"geometry":{"type":"Point","coordinates":[-117.529666666667,34.2278333333333,9.82]},"id":"ci41541504"},
{"type":"Feature","properties":{"mag":0.75,"place":"10 km WNW of The Geysers, CA","time":1788473610950,"updated":1788475040880,"tz":null,"url":"https://earthquake.usgs.gov/earthquakes/eventpage/nc75429377","detail":"https://earthquake.usgs.gov/earthquakes/feed/v1.0/detail/nc75429377.geojson","felt":null,"cdi":null,"mmi":null,"alert":null,"status":"automatic","tsunami":0,"sig":9,"net":"nc","code":"75429377","ids":",nc75429377,","sources":",nc,","types":",nearby-cities,origin,phase-data,scitech-link,","nst":8,"dmin":0.01329,"rms":0.01,"gap":193,"magType":"md","type":"earthquake","title":"M 0.8 - 10 km WNW of The Geysers, CA"},"geometry":{"type":"Point","coordinates":[-122.851997375488,38.8221664428711,2.19000005722046]},"id":"nc75429377"},
{"type":"Feature","properties":{"mag":2.01,"place":"15 km SSE of Willow Creek, CA","time":1788473406020,"updated":1788480443485,"tz":null,"url":"https://earthquake.usgs.gov/earthquakes/eventpage/nc75429372","detail":"https://earthquake.usgs.gov/earthquakes/feed/v1.0/detail/nc75429372.geojson","felt":null,"cdi":null,"mmi":null,"alert":null,"status":"automatic","tsunami":0,"sig":62,"net":"nc","code":"75429372","ids":",nc75429372,","sources":",nc,","types":",nearby-cities,origin,phase-data,scitech-link,","nst":7,"dmin":0.1462,"rms":0.02,"gap":125,"magType":"md","type":"earthquake","title":"M 2.0 - 15 km SSE of Willow Creek, CA"},"geometry":{"type":"Point","coordinates":[-123.538330078125,40.8271675109863,23.2000007629395]},"id":"nc75429372"},
{"type":"Feature","properties":{"mag":2.6,"place":"149 km ESE of Nikolski, Alaska","time":1788472848657,"updated":1788487378629,"tz":null,"url":"https://earthquake.usgs.gov/earthquakes/eventpage/aka2026rmfkld","detail":"https://earthquake.usgs.gov/earthquakes/feed/v1.0/detail/aka2026rmfkld.geojson","felt":null,"cdi":null,"mmi":null,"alert":null,"status":"reviewed","tsunami":0,"sig":104,"net":"ak","code":"a2026rmfkld","ids":",aka2026rmfkld,","sources":",ak,","types":",origin,phase-data,","nst":11,"dmin":1.1,"rms":0.3,"gap":314,"magType":"ml","type":"earthquake","title":"M 2.6 - 149 km ESE of Nikolski, Alaska"},"geometry":{"type":"Point","coordinates":[-166.772,52.495,9.6]},"id":"aka2026rmfkld"},
{"type":"Feature","properties":{"mag":4.3,"place":"39 km ESE of Farkhār, Afghanistan","time":1788472726017,"updated":1788473506040,"tz":null,"url":"https://earthquake.usgs.gov/earthquakes/eventpage/us7000te5t","detail":"https://earthquake.usgs.gov/earthquakes/feed/v1.0/detail/us7000te5t.geojson","felt":null,"cdi":null,"mmi":null,"alert":null,"status":"reviewed","tsunami":0,"sig":284,"net":"us","code":"7000te5t","ids":",us7000te5t,","sources":",us,","types":",origin,phase-data,","nst":33,"dmin":2.161,"rms":0.95,"gap":82,"magType":"mb","type":"earthquake","title":"M 4.3 - 39 km ESE of Farkhār, Afghanistan"},"geometry":{"type":"Point","coordinates":[70.277,36.4686,209.876]},"id":"us7000te5t"},
{"type":"Feature","properties":{"mag":1.51,"place":"5 km SE of Ontario, CA","time":1788471642000,"updated":1788472534033,"tz":null,"url":"https://earthquake.usgs.gov/earthquakes/eventpage/ci41541488","detail":"https://earthquake.usgs.gov/earthquakes/feed/v1.0/detail/ci41541488.geojson","felt":null,"cdi":null,"mmi":null,"alert":null,"status":"reviewed","tsunami":0,"sig":35,"net":"ci","code":"41541488","ids":",ci41541488,","sources":",ci,","types":",focal-mechanism,nearby-cities,origin,phase-data,scitech-link,","nst":47,"dmin":0.01944,"rms":0.14,"gap":37,"magType":"ml","type":"earthquake","title":"M 1.5 - 5 km SE of Ontario, CA"},"geometry":{"type":"Point","coordinates":[-117.588,34.0221666666667,4.31]},"id":"ci41541488"},
{"type":"Feature","properties":{"mag":1.9,"place":"40 km NW of Toyah, Texas","time":1788470860400,"updated":1788473425835,"tz":null,"url":"https://earthquake.usgs.gov/earthquakes/eventpage/tx2026rjjpbb","detail":"https://earthquake.usgs.gov/earthquakes/feed/v1.0/detail/tx2026rjjpbb.geojson","felt":null,"cdi":null,"mmi":null,"alert":null,"status":"reviewed","tsunami":0,"sig":56,"net":"tx","code":"2026rjjpbb","ids":",tx2026rjjpbb,","sources":",tx,","types":",origin,phase-data,","nst":15,"dmin":0,"rms":0.1,"gap":83,"magType":"ml","type":"earthquake","title":"M 1.9 - 40 km NW of Toyah, Texas"},"geometry":{"type":"Point","coordinates":[-104.128,31.538,8.4839]},"id":"tx2026rjjpbb"},
{"type":"Feature","properties":{"mag":1.05,"place":"3 km NNW of The Geysers, CA","time":1788470770290,"updated":1788472046522,"tz":null,"url":"https://earthquake.usgs.gov/earthquakes/eventpage/nc75429362","detail":"https://earthquake.usgs.gov/earthquakes/feed/v1.0/detail/nc75429362.geojson","felt":null,"cdi":null,"mmi":null,"alert":null,"status":"automatic","tsunami":0,"sig":17,"net":"nc","code":"75429362","ids":",nc75429362,","sources":",nc,","types":",nearby-cities,origin,phase-data,scitech-link,","nst":17,"dmin":0.00702,"rms":0.02,"gap":78,"magType":"md","type":"earthquake","title":"M 1.1 - 3 km NNW of The Geysers, CA"},"geometry":{"type":"Point","coordinates":[-122.768501281738,38.7991676330566,3.38000011444092]},"id":"nc75429362"},
{"type":"Feature","properties":{"mag":1.86,"place":"58 km S of Kingston, Nevada","time":1788470652931,"updated":1788475160369,"tz":null,"url":"https://earthquake.usgs.gov/earthquakes/eventpage/nn00924171","detail":"https://earthquake.usgs.gov/earthquakes/feed/v1.0/detail/nn00924171.geojson","felt":null,"cdi":null,"mmi":null,"alert":null,"status":"reviewed","tsunami":0,"sig":53,"net":"nn","code":"00924171","ids":",nn00924171,","sources":",nn,","types":",origin,phase-data,","nst":8,"dmin":0.561,"rms":0.3002,"gap":198,"magType":"ml","type":"explosion","title":"M 1.9 Explosion - 58 km S of Kingston, Nevada"},"geometry":{"type":"Point","coordinates":[-117.0688,38.6791,6.416]},"id":"nn00924171"},
{"type":"Feature","properties":{"mag":1.78,"place":"16 km NNE of Pāhala, Hawaii","time":1788470621740,"updated":1788487584070,"tz":null,"url":"https://earthquake.usgs.gov/earthquakes/eventpage/hv75028882","detail":"https://earthquake.usgs.gov/earthquakes/feed/v1.0/detail/hv75028882.geojson","felt":null,"cdi":null,"mmi":null,"alert":null,"status":"reviewed","tsunami":0,"sig":49,"net":"hv","code":"75028882","ids":",hv75028882,","sources":",hv,","types":",origin,phase-data,","nst":42,"dmin":0.03118,"rms":0.12,"gap":56,"magType":"ml","type":"earthquake","title":"M 1.8 - 16 km NNE of Pāhala, Hawaii"},"geometry":{"type":"Point","coordinates":[-155.4175,19.3416666666667,7.81]},"id":"hv75028882"},
{"type":"Feature","properties":{"mag":3.19,"place":"8 km WNW of Maricao, Puerto Rico","time":1788470493570,"updated":1788471483150,"tz":null,"url":"https://earthquake.usgs.gov/earthquakes/eventpage/pr71530758","detail":"https://earthquake.usgs.gov/earthquakes/feed/v1.0/detail/pr71530758.geojson","felt":null,"cdi":null,"mmi":null,"alert":null,"status":"reviewed","tsunami":0,"sig":157,"net":"pr","code":"71530758","ids":",pr71530758,","sources":",pr,","types":",origin,phase-data,","nst":11,"dmin":0.03528,"rms":0.19,"gap":72,"magType":"md","type":"earthquake","title":"M 3.2 - 8 km WNW of Maricao, Puerto Rico"},"geometry":{"type":"Point","coordinates":[-67.0575,18.1986666666667,126.27]},"id":"pr71530758"},
{"type":"Feature","properties":{"mag":4.8,"place":"29 km WSW of Salamanca, Chile","time":1788470301492,"updated":1788475737523,"tz":null,"url":"https://earthquake.usgs.gov/earthquakes/eventpage/us7000te5e","detail":"https://earthquake.usgs.gov/earthquakes/feed/v1.0/detail/us7000te5e.geojson","felt":5,"cdi":2.3,"mmi":null,"alert":null,"status":"reviewed","tsunami":0,"sig":356,"net":"us","code":"7000te5e","ids":",us7000te5e,","sources":",us,","types":",dyfi,origin,phase-data,","nst":67,"dmin":0.269,"rms":0.93,"gap":69,"magType":"mww","type":"earthquake","title":"M 4.8 - 29 km WSW of Salamanca, Chile"},"geometry":{"type":"Point","coordinates":[-71.2399,-31.8967,81.851]},"id":"us7000te5e"},
{"type":"Feature","properties":{"mag":3,"place":"28 km SSW of Charlotte Amalie, U.S. Virgin Islands","time":1788469624320,"updated":1788474534230,"tz":null,"url":"https://earthquake.usgs.gov/earthquakes/eventpage/pr71530753","detail":"https://earthquake.usgs.gov/earthquakes/feed/v1.0/detail/pr71530753.geojson","felt":null,"cdi":null,"mmi":null,"alert":null,"status":"reviewed","tsunami":0,"sig":138,"net":"pr","code":"71530753","ids":",pr71530753,","sources":",pr,","types":",origin,phase-data,","nst":9,"dmin":0.2599,"rms":0.27,"gap":118,"magType":"md","type":"earthquake","title":"M 3.0 - 28 km SSW of Charlotte Amalie, U.S. Virgin Islands"},"geometry":{"type":"Point","coordinates":[-64.9845,18.0925,14.14]},"id":"pr71530753"},
{"type":"Feature","properties":{"mag":4.9,"place":"98 km W of Gorontalo, Indonesia","time":1788469515371,"updated":1788472482040,"tz":null,"url":"https://earthquake.usgs.gov/earthquakes/eventpage/us7000te55","detail":"https://earthquake.usgs.gov/earthquakes/feed/v1.0/detail/us7000te55.geojson","felt":null,"cdi":null,"mmi":null,"alert":null,"status":"reviewed","tsunami":0,"sig":369,"net":"us","code":"7000te55","ids":",us7000te55,","sources":",us,","types":",origin,phase-data,","nst":85,"dmin":6.013,"rms":0.88,"gap":96,"magType":"mb","type":"earthquake","title":"M 4.9 - 98 km W of Gorontalo, Indonesia"},"geometry":{"type":"Point","coordinates":[122.1776,0.5261,111.177]},"id":"us7000te55"},
{"type":"Feature","properties":{"mag":4.8,"place":"57 km N of Ende, Indonesia","time":1788469210101,"updated":1788471686040,"tz":null,"url":"https://earthquake.usgs.gov/earthquakes/eventpage/us7000te51","detail":"https://earthquake.usgs.gov/earthquakes/feed/v1.0/detail/us7000te51.geojson","felt":null,"cdi":null,"mmi":null,"alert":null,"status":"reviewed","tsunami":0,"sig":354,"net":"us","code":"7000te51","ids":",us7000te51,","sources":",us,","types":",origin,phase-data,","nst":33,"dmin":3.796,"rms":0.86,"gap":126,"magType":"mb","type":"earthquake","title":"M 4.8 - 57 km N of Ende, Indonesia"},"geometry":{"type":"Point","coordinates":[121.6664,-8.3207,10]},"id":"us7000te51"},
{"type":"Feature","properties":{"mag":2.15,"place":"3 km SSE of Kukuihaele, Hawaii","time":1788469143460,"updated":1788487106090,"tz":null,"url":"https://earthquake.usgs.gov/earthquakes/eventpage/hv75028877","detail":"https://earthquake.usgs.gov/earthquakes/feed/v1.0/detail/hv75028877.geojson","felt":null,"cdi":null,"mmi":null,"alert":null,"status":"reviewed","tsunami":0,"sig":71,"net":"hv","code":"75028877","ids":",hv75028877,","sources":",hv,","types":",origin,phase-data,","nst":32,"dmin":0.2063,"rms":0.29,"gap":208,"magType":"ml","type":"earthquake","title":"M 2.2 - 3 km SSE of Kukuihaele, Hawaii"},"geometry":{"type":"Point","coordinates":[-155.56,20.094,12.72]},"id":"hv75028877"},
{"type":"Feature","properties":{"mag":2.8,"place":"79 km SSW of Nikolski, Alaska","time":1788469011770,"updated":1788474437074,"tz":null,"url":"https://earthquake.usgs.gov/earthquakes/eventpage/aka2026rmdhbb","detail":"https://earthquake.usgs.gov/earthquakes/feed/v1.0/detail/aka2026rmdhbb.geojson","felt":null,"cdi":null,"mmi":null,"alert":null,"status":"reviewed","tsunami":0,"sig":121,"net":"ak","code":"a2026rmdhbb","ids":",aka2026rmdhbb,","sources":",ak,","types":",origin,phase-data,","nst":20,"dmin":0.6,"rms":0.5,"gap":279,"magType":"ml","type":"earthquake","title":"M 2.8 - 79 km SSW of Nikolski, Alaska"},"geometry":{"type":"Point","coordinates":[-169.207,52.252,11.8]},"id":"aka2026rmdhbb"},
{"type":"Feature","properties":{"mag":2.8,"place":"90 km SSW of Nikolski, Alaska","time":1788468798200,"updated":1788474375226,"tz":null,"url":"https://earthquake.usgs.gov/earthquakes/eventpage/aka2026rmddwt","detail":"https://earthquake.usgs.gov/earthquakes/feed/v1.0/detail/aka2026rmddwt.geojson","felt":null,"cdi":null,"mmi":null,"alert":null,"status":"reviewed","tsunami":0,"sig":121,"net":"ak","code":"a2026rmddwt","ids":",aka2026rmddwt,","sources":",ak,","types":",origin,phase-data,","nst":17,"dmin":0.7,"rms":0.5,"gap":287,"magType":"ml","type":"earthquake","title":"M 2.8 - 90 km SSW of Nikolski, Alaska"},"geometry":{"type":"Point","coordinates":[-169.196,52.15,14.4]},"id":"aka2026rmddwt"},
{"type":"Feature","properties":{"mag":2,"place":"22 km ESE of Skwentna, Alaska","time":1788468590505,"updated":1788469899884,"tz":null,"url":"https://earthquake.usgs.gov/earthquakes/eventpage/aka2026rmdaxz","detail":"https://earthquake.usgs.gov/earthquakes/feed/v1.0/detail/aka2026rmdaxz.geojson","felt":1,"cdi":1,"mmi":null,"alert":null,"status":"automatic","tsunami":0,"sig":62,"net":"ak","code":"a2026rmdaxz","ids":",aka2026rmdaxz,","sources":",ak,","types":",dyfi,origin,phase-data,","nst":44,"dmin":0.3,"rms":0.7,"gap":37,"magType":"ml","type":"earthquake","title":"M 2.0 - 22 km ESE of Skwentna, Alaska"},"geometry":{"type":"Point","coordinates":[-151.017,61.899,71.1]},"id":"aka2026rmdaxz"},
{"type":"Feature","properties":{"mag":1.21,"place":"2 km NE of Pinnacles, CA","time":1788468587690,"updated":1788471141433,"tz":null,"url":"https://earthquake.usgs.gov/earthquakes/eventpage/nc75429357","detail":"https://earthquake.usgs.gov/earthquakes/feed/v1.0/detail/nc75429357.geojson","felt":null,"cdi":null,"mmi":null,"alert":null,"status":"automatic","tsunami":0,"sig":23,"net":"nc","code":"75429357","ids":",nc75429357,","sources":",nc,","types":",nearby-cities,origin,phase-data,scitech-link,","nst":9,"dmin":0.05799,"rms":0.23,"gap":87,"magType":"md","type":"earthquake","title":"M 1.2 - 2 km NE of Pinnacles, CA"},"geometry":{"type":"Point","coordinates":[-121.12133026123,36.545166015625,1]},"id":"nc75429357"},
{"type":"Feature","properties":{"mag":1.79,"place":"19 km SE of Bodfish, CA","time":1788468098650,"updated":1788469292265,"tz":null,"url":"https://earthquake.usgs.gov/earthquakes/eventpage/ci41541456","detail":"https://earthquake.usgs.gov/earthquakes/feed/v1.0/detail/ci41541456.geojson","felt":null,"cdi":null,"mmi":null,"alert":null,"status":"reviewed","tsunami":0,"sig":49,"net":"ci","code":"41541456","ids":",ci41541456,","sources":",ci,","types":",nearby-cities,origin,phase-data,scitech-link,","nst":42,"dmin":0.1864,"rms":0.14,"gap":39,"magType":"ml","type":"earthquake","title":"M 1.8 - 19 km SE of Bodfish, CA"},"geometry":{"type":"Point","coordinates":[-118.3385,35.4655,7.96]},"id":"ci41541456"},
{"type":"Feature","properties":{"mag":4.2,"place":"88 km SSW of Nikolski, Alaska","time":1788468007422,"updated":1788474520860,"tz":null,"url":"https://earthquake.usgs.gov/earthquakes/eventpage/us7000te4t","detail":"https://earthquake.usgs.gov/earthquakes/feed/v1.0/detail/us7000te4t.geojson","felt":null,"cdi":null,"mmi":2.549,"alert":null,"status":"reviewed","tsunami":0,"sig":271,"net":"us","code":"7000te4t","ids":",aka2026rmcskh,us7000te4t,","sources":",ak,us,","types":",origin,phase-data,shakemap,","nst":40,"dmin":0.829,"rms":0.54,"gap":182,"magType":"mb","type":"earthquake","title":"M 4.2 - 88 km SSW of Nikolski, Alaska"},"geometry":{"type":"Point","coordinates":[-169.4752,52.2355,35]},"id":"us7000te4t"},
{"type":"Feature","properties":{"mag":0.2,"place":"87 km NNW of Karluk, Alaska","time":1788467743200,"updated":1788488289890,"tz":null,"url":"https://earthquake.usgs.gov/earthquakes/eventpage/av94415778","detail":"https://earthquake.usgs.gov/earthquakes/feed/v1.0/detail/av94415778.geojson","felt":null,"cdi":null,"mmi":null,"alert":null,"status":"reviewed","tsunami":0,"sig":1,"net":"av","code":"94415778","ids":",av94415778,","sources":",av,","types":",origin,phase-data,","nst":6,"dmin":0.0435,"rms":0.07,"gap":145,"magType":"ml","type":"earthquake","title":"M 0.2 - 87 km NNW of Karluk, Alaska"},"geometry":{"type":"Point","coordinates":[-154.981666666667,58.2988333333333,3.02]},"id":"av94415778"},
{"type":"Feature","properties":{"mag":3.4,"place":"84 km SSW of Nikolski, Alaska","time":1788467491890,"updated":1788467865855,"tz":null,"url":"https://earthquake.usgs.gov/earthquakes/eventpage/aka2026rmcldd","detail":"https://earthquake.usgs.gov/earthquakes/feed/v1.0/detail/aka2026rmcldd.geojson","felt":null,"cdi":null,"mmi":null,"alert":null,"status":"reviewed","tsunami":0,"sig":178,"net":"ak","code":"a2026rmcldd","ids":",aka2026rmcldd,","sources":",ak,","types":",origin,phase-data,","nst":25,"dmin":0.7,"rms":0.7,"gap":278,"magType":"ml","type":"earthquake","title":"M 3.4 - 84 km SSW of Nikolski, Alaska"},"geometry":{"type":"Point","coordinates":[-169.189,52.203,9.2]},"id":"aka2026rmcldd"},
{"type":"Feature","properties":{"mag":5.5,"place":"100 km S of Nikolski, Alaska","time":1788466875216,"updated":1788474641504,"tz":null,"url":"https://earthquake.usgs.gov/earthquakes/eventpage/us7000te4b","detail":"https://earthquake.usgs.gov/earthquakes/feed/v1.0/detail/us7000te4b.geojson","felt":null,"cdi":null,"mmi":3.254,"alert":"green","status":"reviewed","tsunami":0,"sig":465,"net":"us","code":"7000te4b","ids":",us7000te4b,aka2026rmcccm,","sources":",us,ak,","types":",losspager,moment-tensor,origin,phase-data,shakemap,","nst":159,"dmin":0.819,"rms":0.78,"gap":97,"magType":"mww","type":"earthquake","title":"M 5.5 - 100 km S of Nikolski, Alaska"},"geometry":{"type":"Point","coordinates":[-169.1387,52.0506,10]},"id":"us7000te4b"},
{"type":"Feature","properties":{"mag":1,"place":"3 km ENE of Four Mile Road, Alaska","time":1788466741628,"updated":1788466801907,"tz":null,"url":"https://earthquake.usgs.gov/earthquakes/eventpage/aka2026rmcafj","detail":"https://earthquake.usgs.gov/earthquakes/feed/v1.0/detail/aka2026rmcafj.geojson","felt":null,"cdi":null,"mmi":null,"alert":null,"status":"automatic","tsunami":0,"sig":15,"net":"ak","code":"a2026rmcafj","ids":",aka2026rmcafj,","sources":",ak,","types":",origin,phase-data,","nst":6,"dmin":0,"rms":1.1,"gap":185,"magType":"ml","type":"earthquake","title":"M 1.0 - 3 km ENE of Four Mile Road, Alaska"},"geometry":{"type":"Point","coordinates":[-149.051,64.62,5]},"id":"aka2026rmcafj"},
{"type":"Feature","properties":{"mag":3.9,"place":"89 km SSW of Nikolski, Alaska","time":1788466496128,"updated":1788474282985,"tz":null,"url":"https://earthquake.usgs.gov/earthquakes/eventpage/aka2026rmbwsi","detail":"https://earthquake.usgs.gov/earthquakes/feed/v1.0/detail/aka2026rmbwsi.geojson","felt":null,"cdi":null,"mmi":2.043,"alert":null,"status":"reviewed","tsunami":0,"sig":234,"net":"ak","code":"a2026rmbwsi","ids":",aka2026rmbwsi,","sources":",ak,","types":",origin,phase-data,shakemap,","nst":44,"dmin":0.7,"rms":0.6,"gap":216,"magType":"ml","type":"earthquake","title":"M 3.9 - 89 km SSW of Nikolski, Alaska"},"geometry":{"type":"Point","coordinates":[-169.239,52.167,14.2]},"id":"aka2026rmbwsi"},
{"type":"Feature","properties":{"mag":0.64,"place":"6 km NW of Priest River, Idaho","time":1788466431560,"updated":1788474914640,"tz":null,"url":"https://earthquake.usgs.gov/earthquakes/eventpage/uw714094452","detail":"https://earthquake.usgs.gov/earthquakes/feed/v1.0/detail/uw714094452.geojson","felt":null,"cdi":null,"mmi":null,"alert":null,"status":"reviewed","tsunami":0,"sig":6,"net":"uw","code":"714094452","ids":",uw714094452,","sources":",uw,","types":",origin,phase-data,","nst":4,"dmin":0.1076,"rms":0.44,"gap":284,"magType":"md","type":"explosion","title":"M 0.6 Explosion - 6 km NW of Priest River, Idaho"},"geometry":{"type":"Point","coordinates":[-116.9755,48.2206666666667,-1.06]},"id":"uw714094452"},
{"type":"Feature","properties":{"mag":1.71,"place":"9 km WSW of Patterson, CA","time":1788466202340,"updated":1788469643266,"tz":null,"url":"https://earthquake.usgs.gov/earthquakes/eventpage/nc75429337","detail":"https://earthquake.usgs.gov/earthquakes/feed/v1.0/detail/nc75429337.geojson","felt":null,"cdi":null,"mmi":null,"alert":null,"status":"automatic","tsunami":0,"sig":45,"net":"nc","code":"75429337","ids":",nc75429337,","sources":",nc,","types":",nearby-cities,origin,phase-data,scitech-link,","nst":7,"dmin":0.08055,"rms":0.06,"gap":117,"magType":"md","type":"earthquake","title":"M 1.7 - 9 km WSW of Patterson, CA"},"geometry":{"type":"Point","coordinates":[-121.230163574219,37.4539985656738,7.94000005722046]},"id":"nc75429337"},
{"type":"Feature","properties":{"mag":3.1,"place":"93 km SSW of Nikolski, Alaska","time":1788466118201,"updated":1788474122025,"tz":null,"url":"https://earthquake.usgs.gov/earthquakes/eventpage/aka2026rmbrgz","detail":"https://earthquake.usgs.gov/earthquakes/feed/v1.0/detail/aka2026rmbrgz.geojson","felt":null,"cdi":null,"mmi":null,"alert":null,"status":"reviewed","tsunami":0,"sig":148,"net":"ak","code":"a2026rmbrgz","ids":",aka2026rmbrgz,","sources":",ak,","types":",origin,phase-data,","nst":21,"dmin":0.7,"rms":0.5,"gap":288,"magType":"ml","type":"earthquake","title":"M 3.1 - 93 km SSW of Nikolski, Alaska"},"geometry":{"type":"Point","coordinates":[-169.309,52.143,25]},"id":"aka2026rmbrgz"},
{"type":"Feature","properties":{"mag":1.6,"place":"41 km NW of Toyah, Texas","time":1788465816340,"updated":1788468445477,"tz":null,"url":"https://earthquake.usgs.gov/earthquakes/eventpage/tx2026rjguuu","detail":"https://earthquake.usgs.gov/earthquakes/feed/v1.0/detail/tx2026rjguuu.geojson","felt":null,"cdi":null,"mmi":null,"alert":null,"status":"reviewed","tsunami":0,"sig":39,"net":"tx","code":"2026rjguuu","ids":",tx2026rjguuu,","sources":",tx,","types":",origin,phase-data,","nst":21,"dmin":0,"rms":0.1,"gap":69,"magType":"ml","type":"earthquake","title":"M 1.6 - 41 km NW of Toyah, Texas"},"geometry":{"type":"Point","coordinates":[-104.135,31.543,8.3557]},"id":"tx2026rjguuu"},
{"type":"Feature","properties":{"mag":1.7,"place":"40 km NW of Toyah, Texas","time":1788465691995,"updated":1788469621558,"tz":null,"url":"https://earthquake.usgs.gov/earthquakes/eventpage/tx2026rjgsze","detail":"https://earthquake.usgs.gov/earthquakes/feed/v1.0/detail/tx2026rjgsze.geojson","felt":null,"cdi":null,"mmi":null,"alert":null,"status":"reviewed","tsunami":0,"sig":44,"net":"tx","code":"2026rjgsze","ids":",tx2026rjgsze,","sources":",tx,","types":",origin,phase-data,","nst":17,"dmin":0,"rms":0.1,"gap":69,"magType":"ml","type":"earthquake","title":"M 1.7 - 40 km NW of Toyah, Texas"},"geometry":{"type":"Point","coordinates":[-104.133,31.539,8.3557]},"id":"tx2026rjgsze"},
{"type":"Feature","properties":{"mag":2.35,"place":"4 km ENE of Pinnacles, CA","time":1788465503220,"updated":1788475646953,"tz":null,"url":"https://earthquake.usgs.gov/earthquakes/eventpage/nc75429327","detail":"https://earthquake.usgs.gov/earthquakes/feed/v1.0/detail/nc75429327.geojson","felt":null,"cdi":null,"mmi":null,"alert":null,"status":"automatic","tsunami":0,"sig":85,"net":"nc","code":"75429327","ids":",nc75429327,","sources":",nc,","types":",focal-mechanism,nearby-cities,origin,phase-data,scitech-link,","nst":36,"dmin":0.06274,"rms":0.2,"gap":38,"magType":"md","type":"earthquake","title":"M 2.4 - 4 km ENE of Pinnacles, CA"},"geometry":{"type":"Point","coordinates":[-121.106163024902,36.5458335876465,8.19999980926514]},"id":"nc75429327"},
{"type":"Feature","properties":{"mag":1.7,"place":"54 km WNW of Aleneva, Alaska","time":1788465428267,"updated":1788465536281,"tz":null,"url":"https://earthquake.usgs.gov/earthquakes/eventpage/aka2026rmbhfz","detail":"https://earthquake.usgs.gov/earthquakes/feed/v1.0/detail/aka2026rmbhfz.geojson","felt":null,"cdi":null,"mmi":null,"alert":null,"status":"automatic","tsunami":0,"sig":44,"net":"ak","code":"a2026rmbhfz","ids":",aka2026rmbhfz,","sources":",ak,","types":",origin,phase-data,","nst":26,"dmin":0.4,"rms":0.3,"gap":114,"magType":"ml","type":"earthquake","title":"M 1.7 - 54 km WNW of Aleneva, Alaska"},"geometry":{"type":"Point","coordinates":[-153.706,58.312,82.3]},"id":"aka2026rmbhfz"},
{"type":"Feature","properties":{"mag":2.8,"place":"119 km SSW of Nikolski, Alaska","time":1788464549481,"updated":1788473993928,"tz":null,"url":"https://earthquake.usgs.gov/earthquakes/eventpage/aka2026rmaund","detail":"https://earthquake.usgs.gov/earthquakes/feed/v1.0/detail/aka2026rmaund.geojson","felt":null,"cdi":null,"mmi":null,"alert":null,"status":"reviewed","tsunami":0,"sig":121,"net":"ak","code":"a2026rmaund","ids":",aka2026rmaund,","sources":",ak,","types":",origin,phase-data,","nst":12,"dmin":1,"rms":0.3,"gap":307,"magType":"ml","type":"earthquake","title":"M 2.8 - 119 km SSW of Nikolski, Alaska"},"geometry":{"type":"Point","coordinates":[-169.221,51.888,7.5]},"id":"aka2026rmaund"},
{"type":"Feature","properties":{"mag":2,"place":"40 km NW of Toyah, Texas","time":1788464499032,"updated":1788467782322,"tz":null,"url":"https://earthquake.usgs.gov/earthquakes/eventpage/tx2026rjgbvo","detail":"https://earthquake.usgs.gov/earthquakes/feed/v1.0/detail/tx2026rjgbvo.geojson","felt":null,"cdi":null,"mmi":null,"alert":null,"status":"reviewed","tsunami":0,"sig":62,"net":"tx","code":"2026rjgbvo","ids":",tx2026rjgbvo,","sources":",tx,","types":",origin,phase-data,","nst":24,"dmin":0,"rms":0.1,"gap":69,"magType":"ml","type":"earthquake","title":"M 2.0 - 40 km NW of Toyah, Texas"},"geometry":{"type":"Point","coordinates":[-104.135,31.54,8.5095]},"id":"tx2026rjgbvo"},
{"type":"Feature","properties":{"mag":2.37,"place":"16 km NE of Milford, Utah","time":1788464357530,"updated":1788465209850,"tz":null,"url":"https://earthquake.usgs.gov/earthquakes/eventpage/uu80153991","detail":"https://earthquake.usgs.gov/earthquakes/feed/v1.0/detail/uu80153991.geojson","felt":null,"cdi":null,"mmi":null,"alert":null,"status":"reviewed","tsunami":0,"sig":86,"net":"uu","code":"80153991","ids":",uu80153991,","sources":",uu,","types":",origin,phase-data,","nst":26,"dmin":0.005215,"rms":0.11,"gap":57,"magType":"ml","type":"earthquake","title":"M 2.4 - 16 km NE of Milford, Utah"},"geometry":{"type":"Point","coordinates":[-112.891333333333,38.5095,3.09]},"id":"uu80153991"},
{"type":"Feature","properties":{"mag":1.72,"place":"15 km NE of Milford, Utah","time":1788464233330,"updated":1788465579960,"tz":null,"url":"https://earthquake.usgs.gov/earthquakes/eventpage/uu80153986","detail":"https://earthquake.usgs.gov/earthquakes/feed/v1.0/detail/uu80153986.geojson","felt":null,"cdi":null,"mmi":null,"alert":null,"status":"reviewed","tsunami":0,"sig":46,"net":"uu","code":"80153986","ids":",uu80153986,","sources":",uu,","types":",origin,phase-data,","nst":18,"dmin":0.004703,"rms":0.07,"gap":73,"magType":"ml","type":"earthquake","title":"M 1.7 - 15 km NE of Milford, Utah"},"geometry":{"type":"Point","coordinates":[-112.893333333333,38.5071666666667,2.92]},"id":"uu80153986"},
{"type":"Feature","properties":{"mag":4.2,"place":"75 km SSW of Nikolski, Alaska","time":1788463661860,"updated":1788473834148,"tz":null,"url":"https://earthquake.usgs.gov/earthquakes/eventpage/aka2026rmahsg","detail":"https://earthquake.usgs.gov/earthquakes/feed/v1.0/detail/aka2026rmahsg.geojson","felt":null,"cdi":null,"mmi":2.286,"alert":null,"status":"reviewed","tsunami":0,"sig":271,"net":"ak","code":"a2026rmahsg","ids":",aka2026rmahsg,","sources":",ak,","types":",origin,phase-data,shakemap,","nst":77,"dmin":0.5,"rms":1.2,"gap":213,"magType":"ml","type":"earthquake","title":"M 4.2 - 75 km SSW of Nikolski, Alaska"},"geometry":{"type":"Point","coordinates":[-169.3,52.319,15.5]},"id":"aka2026rmahsg"},
{"type":"Feature","properties":{"mag":3.3,"place":"102 km S of Nikolski, Alaska","time":1788463523399,"updated":1788473112611,"tz":null,"url":"https://earthquake.usgs.gov/earthquakes/eventpage/aka2026rmafsx","detail":"https://earthquake.usgs.gov/earthquakes/feed/v1.0/detail/aka2026rmafsx.geojson","felt":null,"cdi":null,"mmi":null,"alert":null,"status":"reviewed","tsunami":0,"sig":168,"net":"ak","code":"a2026rmafsx","ids":",aka2026rmafsx,","sources":",ak,","types":",origin,phase-data,","nst":16,"dmin":0.8,"rms":0.6,"gap":290,"magType":"ml","type":"earthquake","title":"M 3.3 - 102 km S of Nikolski, Alaska"},"geometry":{"type":"Point","coordinates":[-169.11,52.029,9.5]},"id":"aka2026rmafsx"},
{"type":"Feature","properties":{"mag":-0.61,"place":"63 km ENE of Pedro Bay, Alaska","time":1788463405280,"updated":1788487328970,"tz":null,"url":"https://earthquake.usgs.gov/earthquakes/eventpage/av94415683","detail":"https://earthquake.usgs.gov/earthquakes/feed/v1.0/detail/av94415683.geojson","felt":null,"cdi":null,"mmi":null,"alert":null,"status":"reviewed","tsunami":0,"sig":0,"net":"av","code":"94415683","ids":",av94415683,","sources":",av,","types":",origin,phase-data,","nst":4,"dmin":0.01725,"rms":0.05,"gap":207,"magType":"ml","type":"earthquake","title":"M -0.6 - 63 km ENE of Pedro Bay, Alaska"},"geometry":{"type":"Point","coordinates":[-153.09,60.0463333333333,0.09]},"id":"av94415683"},
{"type":"Feature","properties":{"mag":2.8,"place":"106 km SSW of Nikolski, Alaska","time":1788463371128,"updated":1788469970834,"tz":null,"url":"https://earthquake.usgs.gov/earthquakes/eventpage/aka2026rmadmx","detail":"https://earthquake.usgs.gov/earthquakes/feed/v1.0/detail/aka2026rmadmx.geojson","felt":null,"cdi":null,"mmi":null,"alert":null,"status":"reviewed","tsunami":0,"sig":121,"net":"ak","code":"a2026rmadmx","ids":",aka2026rmadmx,","sources":",ak,","types":",origin,phase-data,","nst":14,"dmin":0.8,"rms":0.5,"gap":302,"magType":"ml","type":"earthquake","title":"M 2.8 - 106 km SSW of Nikolski, Alaska"},"geometry":{"type":"Point","coordinates":[-169.195,52.004,10.9]},"id":"aka2026rmadmx"},
{"type":"Feature","properties":{"mag":2,"place":"68 km SE of Pope-Vannoy Landing, Alaska","time":1788463048810,"updated":1788463247546,"tz":null,"url":"https://earthquake.usgs.gov/earthquakes/eventpage/aka2026rlzykt","detail":"https://earthquake.usgs.gov/earthquakes/feed/v1.0/detail/aka2026rlzykt.geojson","felt":null,"cdi":null,"mmi":null,"alert":null,"status":"automatic","tsunami":0,"sig":62,"net":"ak","code":"a2026rlzykt","ids":",aka2026rlzykt,","sources":",ak,","types":",origin,phase-data,","nst":71,"dmin":0.2,"rms":0.5,"gap":56,"magType":"ml","type":"earthquake","title":"M 2.0 - 68 km SE of Pope-Vannoy Landing, Alaska"},"geometry":{"type":"Point","coordinates":[-153.631,59.123,105.9]},"id":"aka2026rlzykt"},
{"type":"Feature","properties":{"mag":3.3,"place":"106 km SSW of Nikolski, Alaska","time":1788462996351,"updated":1788469957878,"tz":null,"url":"https://earthquake.usgs.gov/earthquakes/eventpage/aka2026rlzybf","detail":"https://earthquake.usgs.gov/earthquakes/feed/v1.0/detail/aka2026rlzybf.geojson","felt":null,"cdi":null,"mmi":null,"alert":null,"status":"reviewed","tsunami":0,"sig":168,"net":"ak","code":"a2026rlzybf","ids":",aka2026rlzybf,","sources":",ak,","types":",origin,phase-data,","nst":20,"dmin":0.9,"rms":0.4,"gap":292,"magType":"ml","type":"earthquake","title":"M 3.3 - 106 km SSW of Nikolski, Alaska"},"geometry":{"type":"Point","coordinates":[-169.175,51.998,13.7]},"id":"aka2026rlzybf"},
{"type":"Feature","properties":{"mag":2.7,"place":"89 km S of Nikolski, Alaska","time":1788462413002,"updated":1788469968248,"tz":null,"url":"https://earthquake.usgs.gov/earthquakes/eventpage/aka2026rlzprc","detail":"https://earthquake.usgs.gov/earthquakes/feed/v1.0/detail/aka2026rlzprc.geojson","felt":null,"cdi":null,"mmi":null,"alert":null,"status":"reviewed","tsunami":0,"sig":112,"net":"ak","code":"a2026rlzprc","ids":",aka2026rlzprc,","sources":",ak,","types":",origin,phase-data,","nst":13,"dmin":0.8,"rms":0.4,"gap":294,"magType":"ml","type":"earthquake","title":"M 2.7 - 89 km S of Nikolski, Alaska"},"geometry":{"type":"Point","coordinates":[-169.052,52.142,7.4]},"id":"aka2026rlzprc"},
{"type":"Feature","properties":{"mag":1.32,"place":"8 km ESE of Mammoth Lakes, CA","time":1788462323280,"updated":1788465443801,"tz":null,"url":"https://earthquake.usgs.gov/earthquakes/eventpage/nc75429307","detail":"https://earthquake.usgs.gov/earthquakes/feed/v1.0/detail/nc75429307.geojson","felt":null,"cdi":null,"mmi":null,"alert":null,"status":"automatic","tsunami":0,"sig":27,"net":"nc","code":"75429307","ids":",nc75429307,","sources":",nc,","types":",nearby-cities,origin,phase-data,scitech-link,","nst":13,"dmin":0.01493,"rms":0.02,"gap":155,"magType":"md","type":"earthquake","title":"M 1.3 - 8 km ESE of Mammoth Lakes, CA"},"geometry":{"type":"Point","coordinates":[-118.896499633789,37.6128349304199,3.11999988555908]},"id":"nc75429307"},
{"type":"Feature","properties":{"mag":1.83,"place":"16 km NE of Milford, Utah","time":1788462048250,"updated":1788468150360,"tz":null,"url":"https://earthquake.usgs.gov/earthquakes/eventpage/uu80153961","detail":"https://earthquake.usgs.gov/earthquakes/feed/v1.0/detail/uu80153961.geojson","felt":null,"cdi":null,"mmi":null,"alert":null,"status":"reviewed","tsunami":0,"sig":52,"net":"uu","code":"80153961","ids":",uu80153961,","sources":",uu,","types":",origin,phase-data,","nst":19,"dmin":0.005861,"rms":0.09,"gap":45,"magType":"ml","type":"earthquake","title":"M 1.8 - 16 km NE of Milford, Utah"},"geometry":{"type":"Point","coordinates":[-112.893333333333,38.5148333333333,2.67]},"id":"uu80153961"},
{"type":"Feature","properties":{"mag":1.25,"place":"7 km S of Mojave, CA","time":1788461937870,"updated":1788468665233,"tz":null,"url":"https://earthquake.usgs.gov/earthquakes/eventpage/ci41541440","detail":"https://earthquake.usgs.gov/earthquakes/feed/v1.0/detail/ci41541440.geojson","felt":null,"cdi":null,"mmi":null,"alert":null,"status":"reviewed","tsunami":0,"sig":24,"net":"ci","code":"41541440","ids":",ci41541440,","sources":",ci,","types":",nearby-cities,origin,phase-data,","nst":24,"dmin":0.1148,"rms":0.26,"gap":52,"magType":"ml","type":"quarry blast","title":"M 1.3 Quarry Blast - 7 km S of Mojave, CA"},"geometry":{"type":"Point","coordinates":[-118.188833333333,34.9891666666667,-0.8]},"id":"ci41541440"},
{"type":"Feature","properties":{"mag":3.4,"place":"90 km SSW of Nikolski, Alaska","time":1788461828851,"updated":1788469963780,"tz":null,"url":"https://earthquake.usgs.gov/earthquakes/eventpage/aka2026rlzhhg","detail":"https://earthquake.usgs.gov/earthquakes/feed/v1.0/detail/aka2026rlzhhg.geojson","felt":null,"cdi":null,"mmi":null,"alert":null,"status":"reviewed","tsunami":0,"sig":178,"net":"ak","code":"a2026rlzhhg","ids":",aka2026rlzhhg,","sources":",ak,","types":",origin,phase-data,","nst":25,"dmin":0.7,"rms":0.9,"gap":282,"magType":"ml","type":"earthquake","title":"M 3.4 - 90 km SSW of Nikolski, Alaska"},"geometry":{"type":"Point","coordinates":[-169.217,52.153,18.4]},"id":"aka2026rlzhhg"},
{"type":"Feature","properties":{"mag":1.92,"place":"4 km SSW of Pāhala, Hawaii","time":1788461727890,"updated":1788461948370,"tz":null,"url":"https://earthquake.usgs.gov/earthquakes/eventpage/hv75028812","detail":"https://earthquake.usgs.gov/earthquakes/feed/v1.0/detail/hv75028812.geojson","felt":null,"cdi":null,"mmi":null,"alert":null,"status":"automatic","tsunami":0,"sig":57,"net":"hv","code":"75028812","ids":",hv75028812,","sources":",hv,","types":",origin,phase-data,","nst":24,"dmin":0.1142,"rms":0.150000006,"gap":205,"magType":"md","type":"earthquake","title":"M 1.9 - 4 km SSW of Pāhala, Hawaii"},"geometry":{"type":"Point","coordinates":[-155.4931640625,19.1673336029053,28.5799999237061]},"id":"hv75028812"},
{"type":"Feature","properties":{"mag":1.7,"place":"40 km NW of Toyah, Texas","time":1788461687675,"updated":1788468941198,"tz":null,"url":"https://earthquake.usgs.gov/earthquakes/eventpage/tx2026rjennc","detail":"https://earthquake.usgs.gov/earthquakes/feed/v1.0/detail/tx2026rjennc.geojson","felt":null,"cdi":null,"mmi":null,"alert":null,"status":"reviewed","tsunami":0,"sig":44,"net":"tx","code":"2026rjennc","ids":",tx2026rjennc,","sources":",tx,","types":",origin,phase-data,","nst":15,"dmin":0,"rms":0.1,"gap":79,"magType":"ml","type":"earthquake","title":"M 1.7 - 40 km NW of Toyah, Texas"},"geometry":{"type":"Point","coordinates":[-104.131,31.54,7.7405]},"id":"tx2026rjennc"},
{"type":"Feature","properties":{"mag":3,"place":"77 km S of Nikolski, Alaska","time":1788461591299,"updated":1788468721283,"tz":null,"url":"https://earthquake.usgs.gov/earthquakes/eventpage/aka2026rlzdse","detail":"https://earthquake.usgs.gov/earthquakes/feed/v1.0/detail/aka2026rlzdse.geojson","felt":null,"cdi":null,"mmi":null,"alert":null,"status":"reviewed","tsunami":0,"sig":138,"net":"ak","code":"a2026rlzdse","ids":",aka2026rlzdse,","sources":",ak,","types":",origin,phase-data,","nst":21,"dmin":0.7,"rms":0.3,"gap":276,"magType":"ml","type":"earthquake","title":"M 3.0 - 77 km S of Nikolski, Alaska"},"geometry":{"type":"Point","coordinates":[-169.066,52.258,9.1]},"id":"aka2026rlzdse"},
{"type":"Feature","properties":{"mag":1.78,"place":"3 km SSW of Pāhala, Hawaii","time":1788461499590,"updated":1788486712780,"tz":null,"url":"https://earthquake.usgs.gov/earthquakes/eventpage/hv75028807","detail":"https://earthquake.usgs.gov/earthquakes/feed/v1.0/detail/hv75028807.geojson","felt":null,"cdi":null,"mmi":null,"alert":null,"status":"reviewed","tsunami":0,"sig":49,"net":"hv","code":"75028807","ids":",us7000te2r,hv75028807,","sources":",us,hv,","types":",origin,phase-data,","nst":45,"dmin":0.03575,"rms":0.13,"gap":93,"magType":"ml","type":"earthquake","title":"M 1.8 - 3 km SSW of Pāhala, Hawaii"},"geometry":{"type":"Point","coordinates":[-155.491666666667,19.1778333333333,31.36]},"id":"hv75028807"},
{"type":"Feature","properties":{"mag":1.33,"place":"16 km NE of Milford, Utah","time":1788461429260,"updated":1788474181220,"tz":null,"url":"https://earthquake.usgs.gov/earthquakes/eventpage/uu80153941","detail":"https://earthquake.usgs.gov/earthquakes/feed/v1.0/detail/uu80153941.geojson","felt":null,"cdi":null,"mmi":null,"alert":null,"status":"reviewed","tsunami":0,"sig":27,"net":"uu","code":"80153941","ids":",uu80153941,","sources":",uu,","types":",origin,phase-data,","nst":14,"dmin":0.005921,"rms":0.06,"gap":71,"magType":"ml","type":"earthquake","title":"M 1.3 - 16 km NE of Milford, Utah"},"geometry":{"type":"Point","coordinates":[-112.891,38.5078333333333,2.98]},"id":"uu80153941"},
{"type":"Feature","properties":{"mag":3.4,"place":"64 km SSW of Nikolski, Alaska","time":1788461349175,"updated":1788467970049,"tz":null,"url":"https://earthquake.usgs.gov/earthquakes/eventpage/aka2026rlzafv","detail":"https://earthquake.usgs.gov/earthquakes/feed/v1.0/detail/aka2026rlzafv.geojson","felt":null,"cdi":null,"mmi":null,"alert":null,"status":"reviewed","tsunami":0,"sig":178,"net":"ak","code":"a2026rlzafv","ids":",aka2026rlzafv,","sources":",ak,","types":",origin,phase-data,","nst":22,"dmin":0.4,"rms":0.8,"gap":266,"magType":"ml","type":"earthquake","title":"M 3.4 - 64 km SSW of Nikolski, Alaska"},"geometry":{"type":"Point","coordinates":[-169.327,52.43,29.6]},"id":"aka2026rlzafv"},
{"type":"Feature","properties":{"mag":2.11,"place":"16 km NE of Milford, Utah","time":1788461308010,"updated":1788462201360,"tz":null,"url":"https://earthquake.usgs.gov/earthquakes/eventpage/uu80153936","detail":"https://earthquake.usgs.gov/earthquakes/feed/v1.0/detail/uu80153936.geojson","felt":null,"cdi":null,"mmi":null,"alert":null,"status":"reviewed","tsunami":0,"sig":68,"net":"uu","code":"80153936","ids":",uu80153936,","sources":",uu,","types":",origin,phase-data,","nst":21,"dmin":0.004789,"rms":0.08,"gap":69,"magType":"ml","type":"earthquake","title":"M 2.1 - 16 km NE of Milford, Utah"},"geometry":{"type":"Point","coordinates":[-112.891833333333,38.5098333333333,3.07]},"id":"uu80153936"},
{"type":"Feature","properties":{"mag":5.3,"place":"104 km SSW of Nikolski, Alaska","time":1788461139228,"updated":1788472073121,"tz":null,"url":"https://earthquake.usgs.gov/earthquakes/eventpage/us7000te2m","detail":"https://earthquake.usgs.gov/earthquakes/feed/v1.0/detail/us7000te2m.geojson","felt":null,"cdi":null,"mmi":3.271,"alert":null,"status":"reviewed","tsunami":0,"sig":432,"net":"us","code":"7000te2m","ids":",us7000te2m,aka2026rlyxjh,","sources":",us,ak,","types":",moment-tensor,origin,phase-data,shakemap,","nst":118,"dmin":0.817,"rms":1.25,"gap":127,"magType":"mww","type":"earthquake","title":"M 5.3 - 104 km SSW of Nikolski, Alaska"},"geometry":{"type":"Point","coordinates":[-169.2217,52.0304,10]},"id":"us7000te2m"},
{"type":"Feature","properties":{"mag":1.5,"place":"57 km S of Whites City, New Mexico","time":1788461128477,"updated":1788474154101,"tz":null,"url":"https://earthquake.usgs.gov/earthquakes/eventpage/tx2026rjeesw","detail":"https://earthquake.usgs.gov/earthquakes/feed/v1.0/detail/tx2026rjeesw.geojson","felt":null,"cdi":null,"mmi":null,"alert":null,"status":"reviewed","tsunami":0,"sig":35,"net":"tx","code":"2026rjeesw","ids":",tx2026rjeesw,","sources":",tx,","types":",origin,phase-data,","nst":17,"dmin":0,"rms":0.2,"gap":68,"magType":"ml","type":"earthquake","title":"M 1.5 - 57 km S of Whites City, New Mexico"},"geometry":{"type":"Point","coordinates":[-104.317,31.663,5.9973]},"id":"tx2026rjeesw"},
{"type":"Feature","properties":{"mag":2.8,"place":"94 km SSW of Nikolski, Alaska","time":1788460960091,"updated":1788466999991,"tz":null,"url":"https://earthquake.usgs.gov/earthquakes/eventpage/aka2026rlyuvd","detail":"https://earthquake.usgs.gov/earthquakes/feed/v1.0/detail/aka2026rlyuvd.geojson","felt":null,"cdi":null,"mmi":null,"alert":null,"status":"reviewed","tsunami":0,"sig":121,"net":"ak","code":"a2026rlyuvd","ids":",aka2026rlyuvd,","sources":",ak,","types":",origin,phase-data,","nst":10,"dmin":0.8,"rms":0.6,"gap":296,"magType":"ml","type":"earthquake","title":"M 2.8 - 94 km SSW of Nikolski, Alaska"},"geometry":{"type":"Point","coordinates":[-169.155,52.106,7.1]},"id":"aka2026rlyuvd"},
{"type":"Feature","properties":{"mag":2.8,"place":"69 km SSW of Nikolski, Alaska","time":1788460789044,"updated":1788466848281,"tz":null,"url":"https://earthquake.usgs.gov/earthquakes/eventpage/aka2026rlysga","detail":"https://earthquake.usgs.gov/earthquakes/feed/v1.0/detail/aka2026rlysga.geojson","felt":null,"cdi":null,"mmi":null,"alert":null,"status":"reviewed","tsunami":0,"sig":121,"net":"ak","code":"a2026rlysga","ids":",aka2026rlysga,","sources":",ak,","types":",origin,phase-data,","nst":18,"dmin":0.5,"rms":0.3,"gap":274,"magType":"ml","type":"earthquake","title":"M 2.8 - 69 km SSW of Nikolski, Alaska"},"geometry":{"type":"Point","coordinates":[-169.224,52.357,22.2]},"id":"aka2026rlysga"},
{"type":"Feature","properties":{"mag":3.6,"place":"93 km SSW of Nikolski, Alaska","time":1788460436120,"updated":1788464950040,"tz":null,"url":"https://earthquake.usgs.gov/earthquakes/eventpage/us7000te2u","detail":"https://earthquake.usgs.gov/earthquakes/feed/v1.0/detail/us7000te2u.geojson","felt":null,"cdi":null,"mmi":2.034,"alert":null,"status":"reviewed","tsunami":0,"sig":199,"net":"us","code":"7000te2u","ids":",aka2026rlyncv,us7000te2u,","sources":",ak,us,","types":",origin,phase-data,shakemap,","nst":26,"dmin":0.686,"rms":0.89,"gap":221,"magType":"mb","type":"earthquake","title":"M 3.6 - 93 km SSW of Nikolski, Alaska"},"geometry":{"type":"Point","coordinates":[-169.3136,52.1488,24.989]},"id":"us7000te2u"},
{"type":"Feature","properties":{"mag":5,"place":"Fiji region","time":1788460264918,"updated":1788461390040,"tz":null,"url":"https://earthquake.usgs.gov/earthquakes/eventpage/us7000te2i","detail":"https://earthquake.usgs.gov/earthquakes/feed/v1.0/detail/us7000te2i.geojson","felt":null,"cdi":null,"mmi":null,"alert":null,"status":"reviewed","tsunami":0,"sig":385,"net":"us","code":"7000te2i","ids":",us7000te2i,","sources":",us,","types":",origin,phase-data,","nst":45,"dmin":3.786,"rms":0.67,"gap":72,"magType":"mb","type":"earthquake","title":"M 5.0 - Fiji region"},"geometry":{"type":"Point","coordinates":[-177.4572,-18.7662,619.049]},"id":"us7000te2i"},
{"type":"Feature","properties":{"mag":1.54,"place":"15 km NE of Milford, Utah","time":1788459903770,"updated":1788473851550,"tz":null,"url":"https://earthquake.usgs.gov/earthquakes/eventpage/uu80153926","detail":"https://earthquake.usgs.gov/earthquakes/feed/v1.0/detail/uu80153926.geojson","felt":null,"cdi":null,"mmi":null,"alert":null,"status":"reviewed","tsunami":0,"sig":36,"net":"uu","code":"80153926","ids":",uu80153926,","sources":",uu,","types":",origin,phase-data,","nst":16,"dmin":0.005578,"rms":0.08,"gap":68,"magType":"ml","type":"earthquake","title":"M 1.5 - 15 km NE of Milford, Utah"},"geometry":{"type":"Point","coordinates":[-112.893,38.5061666666667,1.92]},"id":"uu80153926"},
{"type":"Feature","properties":{"mag":1.95,"place":"25 km SSW of Solvang, CA","time":1788459865010,"updated":1788460870929,"tz":null,"url":"https://earthquake.usgs.gov/earthquakes/eventpage/ci41541432","detail":"https://earthquake.usgs.gov/earthquakes/feed/v1.0/detail/ci41541432.geojson","felt":null,"cdi":null,"mmi":null,"alert":null,"status":"reviewed","tsunami":0,"sig":58,"net":"ci","code":"41541432","ids":",ci41541432,","sources":",ci,","types":",nearby-cities,origin,phase-data,scitech-link,","nst":29,"dmin":0.09033,"rms":0.23,"gap":111,"magType":"ml","type":"earthquake","title":"M 2.0 - 25 km SSW of Solvang, CA"},"geometry":{"type":"Point","coordinates":[-120.237833333333,34.3881666666667,3.64]},"id":"ci41541432"},
{"type":"Feature","properties":{"mag":1.49,"place":"16 km NE of Milford, Utah","time":1788459442710,"updated":1788472440760,"tz":null,"url":"https://earthquake.usgs.gov/earthquakes/eventpage/uu80153921","detail":"https://earthquake.usgs.gov/earthquakes/feed/v1.0/detail/uu80153921.geojson","felt":null,"cdi":null,"mmi":null,"alert":null,"status":"reviewed","tsunami":0,"sig":34,"net":"uu","code":"80153921","ids":",uu80153921,","sources":",uu,","types":",origin,phase-data,","nst":13,"dmin":0.003995,"rms":0.06,"gap":141,"magType":"md","type":"earthquake","title":"M 1.5 - 16 km NE of Milford, Utah"},"geometry":{"type":"Point","coordinates":[-112.893,38.5091666666667,2.88]},"id":"uu80153921"},
{"type":"Feature","properties":{"mag":0.95,"place":"20 km ENE of West Yellowstone, Montana","time":1788459344620,"updated":1788466337460,"tz":null,"url":"https://earthquake.usgs.gov/earthquakes/eventpage/uu80153916","detail":"https://earthquake.usgs.gov/earthquakes/feed/v1.0/detail/uu80153916.geojson","felt":null,"cdi":null,"mmi":null,"alert":null,"status":"reviewed","tsunami":0,"sig":14,"net":"uu","code":"80153916","ids":",uu80153916,","sources":",uu,","types":",origin,phase-data,","nst":6,"dmin":0.06476,"rms":0.12,"gap":89,"magType":"md","type":"earthquake","title":"M 1.0 - 20 km ENE of West Yellowstone, Montana"},"geometry":{"type":"Point","coordinates":[-110.856333333333,44.7213333333333,3.08]},"id":"uu80153916"},
{"type":"Feature","properties":{"mag":0.84,"place":"4 km ENE of Vincent, CA","time":1788459027080,"updated":1788460341680,"tz":null,"url":"https://earthquake.usgs.gov/earthquakes/eventpage/ci41541424","detail":"https://earthquake.usgs.gov/earthquakes/feed/v1.0/detail/ci41541424.geojson","felt":null,"cdi":null,"mmi":null,"alert":null,"status":"reviewed","tsunami":0,"sig":11,"net":"ci","code":"41541424","ids":",ci41541424,","sources":",ci,","types":",nearby-cities,origin,phase-data,scitech-link,","nst":11,"dmin":0.0405,"rms":0.08,"gap":86,"magType":"ml","type":"earthquake","title":"M 0.8 - 4 km ENE of Vincent, CA"},"geometry":{"type":"Point","coordinates":[-118.0775,34.517,9.06]},"id":"ci41541424"},
{"type":"Feature","properties":{"mag":2.6,"place":"94 km SSE of Akutan, Alaska","time":1788458993917,"updated":1788466767122,"tz":null,"url":"https://earthquake.usgs.gov/earthquakes/eventpage/aka2026rlxsfg","detail":"https://earthquake.usgs.gov/earthquakes/feed/v1.0/detail/aka2026rlxsfg.geojson","felt":null,"cdi":null,"mmi":null,"alert":null,"status":"reviewed","tsunami":0,"sig":104,"net":"ak","code":"a2026rlxsfg","ids":",aka2026rlxsfg,","sources":",ak,","types":",origin,phase-data,","nst":15,"dmin":0.8,"rms":0.4,"gap":320,"magType":"ml","type":"earthquake","title":"M 2.6 - 94 km SSE of Akutan, Alaska"},"geometry":{"type":"Point","coordinates":[-165.001,53.422,6.9]},"id":"aka2026rlxsfg"},
{"type":"Feature","properties":{"mag":1.31,"place":"2 km SSW of Dibble, Oklahoma","time":1788458895980,"updated":1788465528547,"tz":null,"url":"https://earthquake.usgs.gov/earthquakes/eventpage/ok2026rhad","detail":"https://earthquake.usgs.gov/earthquakes/feed/v1.0/detail/ok2026rhad.geojson","felt":null,"cdi":null,"mmi":null,"alert":null,"status":"reviewed","tsunami":0,"sig":26,"net":"ok","code":"2026rhad","ids":",ok2026rhad,","sources":",ok,","types":",origin,phase-data,","nst":27,"dmin":0.08818269555,"rms":0.13,"gap":88,"magType":"ml","type":"earthquake","title":"M 1.3 - 2 km SSW of Dibble, Oklahoma"},"geometry":{"type":"Point","coordinates":[-97.64316667,35.01183333,7.15]},"id":"ok2026rhad"},
{"type":"Feature","properties":{"mag":2.7,"place":"89 km WNW of Lake Louise, Alaska","time":1788458865029,"updated":1788464707040,"tz":null,"url":"https://earthquake.usgs.gov/earthquakes/eventpage/aka2026rlxqkb","detail":"https://earthquake.usgs.gov/earthquakes/feed/v1.0/detail/aka2026rlxqkb.geojson","felt":null,"cdi":null,"mmi":null,"alert":null,"status":"automatic","tsunami":0,"sig":112,"net":"ak","code":"a2026rlxqkb","ids":",us7000te2b,aka2026rlxqkb,","sources":",us,ak,","types":",origin,phase-data,","nst":118,"dmin":0.6,"rms":1.4,"gap":20,"magType":"ml","type":"earthquake","title":"M 2.7 - 89 km WNW of Lake Louise, Alaska"},"geometry":{"type":"Point","coordinates":[-148.134,62.605,14.1]},"id":"aka2026rlxqkb"},
{"type":"Feature","properties":{"mag":2,"place":"40 km NW of Toyah, Texas","time":1788458857400,"updated":1788468069745,"tz":null,"url":"https://earthquake.usgs.gov/earthquakes/eventpage/tx2026rjcwip","detail":"https://earthquake.usgs.gov/earthquakes/feed/v1.0/detail/tx2026rjcwip.geojson","felt":null,"cdi":null,"mmi":null,"alert":null,"status":"reviewed","tsunami":0,"sig":62,"net":"tx","code":"2026rjcwip","ids":",tx2026rjcwip,","sources":",tx,","types":",origin,phase-data,","nst":14,"dmin":0,"rms":0.1,"gap":73,"magType":"ml","type":"earthquake","title":"M 2.0 - 40 km NW of Toyah, Texas"},"geometry":{"type":"Point","coordinates":[-104.13,31.541,8.407]},"id":"tx2026rjcwip"},
{"type":"Feature","properties":{"mag":2.52,"place":"17 km NE of Milford, Utah","time":1788458828670,"updated":1788464392040,"tz":null,"url":"https://earthquake.usgs.gov/earthquakes/eventpage/uu80153911","detail":"https://earthquake.usgs.gov/earthquakes/feed/v1.0/detail/uu80153911.geojson","felt":null,"cdi":null,"mmi":3.059,"alert":null,"status":"reviewed","tsunami":0,"sig":98,"net":"uu","code":"80153911","ids":",us7000te2a,uu80153911,","sources":",us,uu,","types":",origin,phase-data,shakemap,","nst":25,"dmin":0.01461,"rms":0.14,"gap":53,"magType":"ml","type":"earthquake","title":"M 2.5 - 17 km NE of Milford, Utah"},"geometry":{"type":"Point","coordinates":[-112.898166666667,38.5248333333333,1.36]},"id":"uu80153911"},
{"type":"Feature","properties":{"mag":1.9,"place":"6 km NE of Medford, Oregon","time":1788458624540,"updated":1788474629550,"tz":null,"url":"https://earthquake.usgs.gov/earthquakes/eventpage/uw714094412","detail":"https://earthquake.usgs.gov/earthquakes/feed/v1.0/detail/uw714094412.geojson","felt":null,"cdi":null,"mmi":null,"alert":null,"status":"reviewed","tsunami":0,"sig":56,"net":"uw","code":"714094412","ids":",uw714094412,","sources":",uw,","types":",origin,phase-data,","nst":6,"dmin":0.03382,"rms":0.19,"gap":128,"magType":"md","type":"explosion","title":"M 1.9 Explosion - 6 km NE of Medford, Oregon"},"geometry":{"type":"Point","coordinates":[-122.821666666667,42.3748333333333,-1.49]},"id":"uw714094412"},
{"type":"Feature","properties":{"mag":1.21,"place":"5 km NNW of Lake Elsinore, CA","time":1788458548590,"updated":1788459196570,"tz":null,"url":"https://earthquake.usgs.gov/earthquakes/eventpage/ci41541416","detail":"https://earthquake.usgs.gov/earthquakes/feed/v1.0/detail/ci41541416.geojson","felt":null,"cdi":null,"mmi":null,"alert":null,"status":"automatic","tsunami":0,"sig":23,"net":"ci","code":"41541416","ids":",ci41541416,","sources":",ci,","types":",focal-mechanism,nearby-cities,origin,phase-data,","nst":49,"dmin":0.04076,"rms":0.21,"gap":41,"magType":"ml","type":"earthquake","title":"M 1.2 - 5 km NNW of Lake Elsinore, CA"},"geometry":{"type":"Point","coordinates":[-117.345166666667,33.7125,2.11]},"id":"ci41541416"},
{"type":"Feature","properties":{"mag":2.8,"place":"90 km SSW of Nikolski, Alaska","time":1788458398444,"updated":1788466578951,"tz":null,"url":"https://earthquake.usgs.gov/earthquakes/eventpage/aka2026rlxjqf","detail":"https://earthquake.usgs.gov/earthquakes/feed/v1.0/detail/aka2026rlxjqf.geojson","felt":null,"cdi":null,"mmi":null,"alert":null,"status":"reviewed","tsunami":0,"sig":121,"net":"ak","code":"a2026rlxjqf","ids":",aka2026rlxjqf,","sources":",ak,","types":",origin,phase-data,","nst":15,"dmin":0.7,"rms":0.4,"gap":294,"magType":"ml","type":"earthquake","title":"M 2.8 - 90 km SSW of Nikolski, Alaska"},"geometry":{"type":"Point","coordinates":[-169.218,52.155,10.8]},"id":"aka2026rlxjqf"},
{"type":"Feature","properties":{"mag":1.5,"place":"40 km NW of Toyah, Texas","time":1788458365062,"updated":1788473781375,"tz":null,"url":"https://earthquake.usgs.gov/earthquakes/eventpage/tx2026rjcrsy","detail":"https://earthquake.usgs.gov/earthquakes/feed/v1.0/detail/tx2026rjcrsy.geojson","felt":null,"cdi":null,"mmi":null,"alert":null,"status":"reviewed","tsunami":0,"sig":35,"net":"tx","code":"2026rjcrsy","ids":",tx2026rjcrsy,","sources":",tx,","types":",origin,phase-data,","nst":13,"dmin":0,"rms":0.1,"gap":69,"magType":"ml","type":"earthquake","title":"M 1.5 - 40 km NW of Toyah, Texas"},"geometry":{"type":"Point","coordinates":[-104.13,31.538,7.7405]},"id":"tx2026rjcrsy"},
{"type":"Feature","properties":{"mag":1.3,"place":"16 km NE of Milford, Utah","time":1788458017520,"updated":1788467497450,"tz":null,"url":"https://earthquake.usgs.gov/earthquakes/eventpage/uu80153901","detail":"https://earthquake.usgs.gov/earthquakes/feed/v1.0/detail/uu80153901.geojson","felt":null,"cdi":null,"mmi":null,"alert":null,"status":"reviewed","tsunami":0,"sig":26,"net":"uu","code":"80153901","ids":",uu80153901,","sources":",uu,","types":",origin,phase-data,","nst":11,"dmin":0.004745,"rms":0.05,"gap":162,"magType":"md","type":"earthquake","title":"M 1.3 - 16 km NE of Milford, Utah"},"geometry":{"type":"Point","coordinates":[-112.892166666667,38.5116666666667,2.65]},"id":"uu80153901"},
{"type":"Feature","properties":{"mag":1.61,"place":"16 km NE of Milford, Utah","time":1788457854380,"updated":1788458939230,"tz":null,"url":"https://earthquake.usgs.gov/earthquakes/eventpage/uu80153896","detail":"https://earthquake.usgs.gov/earthquakes/feed/v1.0/detail/uu80153896.geojson","felt":null,"cdi":null,"mmi":null,"alert":null,"status":"reviewed","tsunami":0,"sig":40,"net":"uu","code":"80153896","ids":",uu80153896,","sources":",uu,","types":",origin,phase-data,","nst":19,"dmin":0.003499,"rms":0.07,"gap":89,"magType":"ml","type":"earthquake","title":"M 1.6 - 16 km NE of Milford, Utah"},"geometry":{"type":"Point","coordinates":[-112.8935,38.5106666666667,2.59]},"id":"uu80153896"},
{"type":"Feature","properties":{"mag":1.2,"place":"25 km N of Four Mile Road, Alaska","time":1788457783024,"updated":1788457845535,"tz":null,"url":"https://earthquake.usgs.gov/earthquakes/eventpage/aka2026rlxatj","detail":"https://earthquake.usgs.gov/earthquakes/feed/v1.0/detail/aka2026rlxatj.geojson","felt":null,"cdi":null,"mmi":null,"alert":null,"status":"automatic","tsunami":0,"sig":22,"net":"ak","code":"a2026rlxatj","ids":",aka2026rlxatj,","sources":",ak,","types":",origin,phase-data,","nst":7,"dmin":0.2,"rms":0.3,"gap":106,"magType":"ml","type":"earthquake","title":"M 1.2 - 25 km N of Four Mile Road, Alaska"},"geometry":{"type":"Point","coordinates":[-149.027,64.828,19.1]},"id":"aka2026rlxatj"},
{"type":"Feature","properties":{"mag":1.8,"place":"22 km SSW of Sunrise, Alaska","time":1788457540111,"updated":1788457643784,"tz":null,"url":"https://earthquake.usgs.gov/earthquakes/eventpage/aka2026rlwxga","detail":"https://earthquake.usgs.gov/earthquakes/feed/v1.0/detail/aka2026rlwxga.geojson","felt":null,"cdi":null,"mmi":null,"alert":null,"status":"automatic","tsunami":0,"sig":50,"net":"ak","code":"a2026rlwxga","ids":",aka2026rlwxga,","sources":",ak,","types":",origin,phase-data,","nst":36,"dmin":0.4,"rms":0.6,"gap":49,"magType":"ml","type":"earthquake","title":"M 1.8 - 22 km SSW of Sunrise, Alaska"},"geometry":{"type":"Point","coordinates":[-149.64,60.71,24.5]},"id":"aka2026rlwxga"},
{"type":"Feature","properties":{"mag":3.2,"place":"95 km SSW of Nikolski, Alaska","time":1788457255532,"updated":1788466513255,"tz":null,"url":"https://earthquake.usgs.gov/earthquakes/eventpage/aka2026rlwtdf","detail":"https://earthquake.usgs.gov/earthquakes/feed/v1.0/detail/aka2026rlwtdf.geojson","felt":null,"cdi":null,"mmi":null,"alert":null,"status":"reviewed","tsunami":0,"sig":158,"net":"ak","code":"a2026rlwtdf","ids":",aka2026rlwtdf,","sources":",ak,","types":",origin,phase-data,","nst":16,"dmin":0.7,"rms":0.6,"gap":291,"magType":"ml","type":"earthquake","title":"M 3.2 - 95 km SSW of Nikolski, Alaska"},"geometry":{"type":"Point","coordinates":[-169.349,52.13,32.2]},"id":"aka2026rlwtdf"},
{"type":"Feature","properties":{"mag":4.1,"place":"231 km ESE of Attu Station, Alaska","time":1788457207002,"updated":1788464118040,"tz":null,"url":"https://earthquake.usgs.gov/earthquakes/eventpage/us7000te2d","detail":"https://earthquake.usgs.gov/earthquakes/feed/v1.0/detail/us7000te2d.geojson","felt":null,"cdi":null,"mmi":2.503,"alert":null,"status":"reviewed","tsunami":0,"sig":259,"net":"us","code":"7000te2d","ids":",aka2026rlwsmt,us7000te2d,","sources":",ak,us,","types":",origin,phase-data,shakemap,","nst":55,"dmin":1.337,"rms":0.66,"gap":185,"magType":"mb","type":"earthquake","title":"M 4.1 - 231 km ESE of Attu Station, Alaska"},"geometry":{"type":"Point","coordinates":[176.3604,52.0982,19.2]},"id":"us7000te2d"},
{"type":"Feature","properties":{"mag":1.67,"place":"6 km SE of Cloverdale, CA","time":1788457105260,"updated":1788460643282,"tz":null,"url":"https://earthquake.usgs.gov/earthquakes/eventpage/nc75429277","detail":"https://earthquake.usgs.gov/earthquakes/feed/v1.0/detail/nc75429277.geojson","felt":null,"cdi":null,"mmi":null,"alert":null,"status":"automatic","tsunami":0,"sig":43,"net":"nc","code":"75429277","ids":",nc75429277,","sources":",nc,","types":",nearby-cities,origin,phase-data,scitech-link,","nst":24,"dmin":0.07178,"rms":0.04,"gap":58,"magType":"md","type":"earthquake","title":"M 1.7 - 6 km SE of Cloverdale, CA"},"geometry":{"type":"Point","coordinates":[-122.958000183105,38.7736663818359,6.90999984741211]},"id":"nc75429277"},
{"type":"Feature","properties":{"mag":1.19,"place":"10 km ESE of North Shore, CA","time":1788456903640,"updated":1788459932533,"tz":null,"url":"https://earthquake.usgs.gov/earthquakes/eventpage/ci41541392","detail":"https://earthquake.usgs.gov/earthquakes/feed/v1.0/detail/ci41541392.geojson","felt":null,"cdi":null,"mmi":null,"alert":null,"status":"reviewed","tsunami":0,"sig":22,"net":"ci","code":"41541392","ids":",ci41541392,","sources":",ci,","types":",nearby-cities,origin,phase-data,","nst":36,"dmin":0.03504,"rms":0.2,"gap":58,"magType":"ml","type":"earthquake","title":"M 1.2 - 10 km ESE of North Shore, CA"},"geometry":{"type":"Point","coordinates":[-115.831666666667,33.5048333333333,7.56]},"id":"ci41541392"},
{"type":"Feature","properties":{"mag":3.34,"place":"3 km ESE of Larkfield-Wikiup, CA","time":1788456807320,"updated":1788511304485,"tz":null,"url":"https://earthquake.usgs.gov/earthquakes/eventpage/nc75429272","detail":"https://earthquake.usgs.gov/earthquakes/feed/v1.0/detail/nc75429272.geojson","felt":1822,"cdi":3.4,"mmi":3.647,"alert":null,"status":"reviewed","tsunami":0,"sig":512,"net":"nc","code":"75429272","ids":",nc75429272,us7000te24,","sources":",nc,us,","types":",dyfi,focal-mechanism,moment-tensor,nearby-cities,origin,phase-data,scitech-link,shakemap,","nst":149,"dmin":0.06079,"rms":0.13,"gap":17,"magType":"mw","type":"earthquake","title":"M 3.3 - 3 km ESE of Larkfield-Wikiup, CA"},"geometry":{"type":"Point","coordinates":[-122.715,38.501,8.84]},"id":"nc75429272"},
{"type":"Feature","properties":{"mag":1.8,"place":"40 km NW of Toyah, Texas","time":1788456806103,"updated":1788467183822,"tz":null,"url":"https://earthquake.usgs.gov/earthquakes/eventpage/tx2026rjbvkc","detail":"https://earthquake.usgs.gov/earthquakes/feed/v1.0/detail/tx2026rjbvkc.geojson","felt":null,"cdi":null,"mmi":null,"alert":null,"status":"reviewed","tsunami":0,"sig":50,"net":"tx","code":"2026rjbvkc","ids":",tx2026rjbvkc,","sources":",tx,","types":",origin,phase-data,","nst":17,"dmin":0,"rms":0.1,"gap":69,"magType":"ml","type":"earthquake","title":"M 1.8 - 40 km NW of Toyah, Texas"},"geometry":{"type":"Point","coordinates":[-104.13,31.539,8.0481]},"id":"tx2026rjbvkc"},
{"type":"Feature","properties":{"mag":1.14,"place":"20 km NNE of Indio, CA","time":1788456446250,"updated":1788459554107,"tz":null,"url":"https://earthquake.usgs.gov/earthquakes/eventpage/ci41541384","detail":"https://earthquake.usgs.gov/earthquakes/feed/v1.0/detail/ci41541384.geojson","felt":null,"cdi":null,"mmi":null,"alert":null,"status":"reviewed","tsunami":0,"sig":20,"net":"ci","code":"41541384","ids":",ci41541384,","sources":",ci,","types":",nearby-cities,origin,phase-data,","nst":36,"dmin":0.03489,"rms":0.15,"gap":39,"magType":"ml","type":"earthquake","title":"M 1.1 - 20 km NNE of Indio, CA"},"geometry":{"type":"Point","coordinates":[-116.1605,33.8921666666667,3.54]},"id":"ci41541384"},
{"type":"Feature","properties":{"mag":1.13,"place":"4 km WSW of Cobb, CA","time":1788456290200,"updated":1788463941639,"tz":null,"url":"https://earthquake.usgs.gov/earthquakes/eventpage/nc75429267","detail":"https://earthquake.usgs.gov/earthquakes/feed/v1.0/detail/nc75429267.geojson","felt":null,"cdi":null,"mmi":null,"alert":null,"status":"automatic","tsunami":0,"sig":20,"net":"nc","code":"75429267","ids":",nc75429267,","sources":",nc,","types":",nearby-cities,origin,phase-data,scitech-link,","nst":7,"dmin":0.01318,"rms":0.01,"gap":181,"magType":"md","type":"earthquake","title":"M 1.1 - 4 km WSW of Cobb, CA"},"geometry":{"type":"Point","coordinates":[-122.763832092285,38.813835144043,2.05999994277954]},"id":"nc75429267"},
{"type":"Feature","properties":{"mag":1.4,"place":"47 km SE of Pedro Bay, Alaska","time":1788456146701,"updated":1788456280472,"tz":null,"url":"https://earthquake.usgs.gov/earthquakes/eventpage/aka2026rlwdem","detail":"https://earthquake.usgs.gov/earthquakes/feed/v1.0/detail/aka2026rlwdem.geojson","felt":null,"cdi":null,"mmi":null,"alert":null,"status":"automatic","tsunami":0,"sig":30,"net":"ak","code":"a2026rlwdem","ids":",aka2026rlwdem,","sources":",ak,","types":",origin,phase-data,","nst":47,"dmin":0.1,"rms":0.6,"gap":81,"magType":"ml","type":"earthquake","title":"M 1.4 - 47 km SE of Pedro Bay, Alaska"},"geometry":{"type":"Point","coordinates":[-153.426,59.541,126.1]},"id":"aka2026rlwdem"},
{"type":"Feature","properties":{"mag":1.36,"place":"16 km NE of Milford, Utah","time":1788456125230,"updated":1788467336610,"tz":null,"url":"https://earthquake.usgs.gov/earthquakes/eventpage/uu80153891","detail":"https://earthquake.usgs.gov/earthquakes/feed/v1.0/detail/uu80153891.geojson","felt":null,"cdi":null,"mmi":null,"alert":null,"status":"reviewed","tsunami":0,"sig":28,"net":"uu","code":"80153891","ids":",uu80153891,","sources":",uu,","types":",origin,phase-data,","nst":10,"dmin":0.004668,"rms":0.05,"gap":156,"magType":"md","type":"earthquake","title":"M 1.4 - 16 km NE of Milford, Utah"},"geometry":{"type":"Point","coordinates":[-112.892,38.5106666666667,2.63]},"id":"uu80153891"},
{"type":"Feature","properties":{"mag":1,"place":"130 km S of McCarthy, Alaska","time":1788456067729,"updated":1788456126454,"tz":null,"url":"https://earthquake.usgs.gov/earthquakes/eventpage/aka2026rlwbyx","detail":"https://earthquake.usgs.gov/earthquakes/feed/v1.0/detail/aka2026rlwbyx.geojson","felt":null,"cdi":null,"mmi":null,"alert":null,"status":"automatic","tsunami":0,"sig":15,"net":"ak","code":"a2026rlwbyx","ids":",aka2026rlwbyx,","sources":",ak,","types":",origin,phase-data,","nst":8,"dmin":0,"rms":0.9,"gap":139,"magType":"ml","type":"earthquake","title":"M 1.0 - 130 km S of McCarthy, Alaska"},"geometry":{"type":"Point","coordinates":[-143.245,60.276,18.4]},"id":"aka2026rlwbyx"},
{"type":"Feature","properties":{"mag":2.8,"place":"108 km SSW of Nikolski, Alaska","time":1788455967246,"updated":1788466410832,"tz":null,"url":"https://earthquake.usgs.gov/earthquakes/eventpage/aka2026rlwaom","detail":"https://earthquake.usgs.gov/earthquakes/feed/v1.0/detail/aka2026rlwaom.geojson","felt":null,"cdi":null,"mmi":null,"alert":null,"status":"reviewed","tsunami":0,"sig":121,"net":"ak","code":"a2026rlwaom","ids":",aka2026rlwaom,","sources":",ak,","types":",origin,phase-data,","nst":11,"dmin":0.8,"rms":0.3,"gap":303,"magType":"ml","type":"earthquake","title":"M 2.8 - 108 km SSW of Nikolski, Alaska"},"geometry":{"type":"Point","coordinates":[-169.261,51.999,23.3]},"id":"aka2026rlwaom"},
{"type":"Feature","properties":{"mag":1.42,"place":"4 km SE of Calistoga, CA","time":1788455609040,"updated":1788462442476,"tz":null,"url":"https://earthquake.usgs.gov/earthquakes/eventpage/nc75429257","detail":"https://earthquake.usgs.gov/earthquakes/feed/v1.0/detail/nc75429257.geojson","felt":null,"cdi":null,"mmi":null,"alert":null,"status":"automatic","tsunami":0,"sig":31,"net":"nc","code":"75429257","ids":",nc75429257,","sources":",nc,","types":",nearby-cities,origin,phase-data,scitech-link,","nst":13,"dmin":0.1196,"rms":0.06,"gap":160,"magType":"md","type":"earthquake","title":"M 1.4 - 4 km SE of Calistoga, CA"},"geometry":{"type":"Point","coordinates":[-122.548500061035,38.5485000610352,3.42000007629395]},"id":"nc75429257"},
{"type":"Feature","properties":{"mag":1.16,"place":"16 km NE of Milford, Utah","time":1788455499150,"updated":1788467135180,"tz":null,"url":"https://earthquake.usgs.gov/earthquakes/eventpage/uu80153876","detail":"https://earthquake.usgs.gov/earthquakes/feed/v1.0/detail/uu80153876.geojson","felt":null,"cdi":null,"mmi":null,"alert":null,"status":"reviewed","tsunami":0,"sig":21,"net":"uu","code":"80153876","ids":",uu80153876,","sources":",uu,","types":",origin,phase-data,","nst":10,"dmin":0.005694,"rms":0.04,"gap":166,"magType":"md","type":"earthquake","title":"M 1.2 - 16 km NE of Milford, Utah"},"geometry":{"type":"Point","coordinates":[-112.892,38.5135,2.67]},"id":"uu80153876"},
{"type":"Feature","properties":{"mag":2.22,"place":"21 km SE of Pāhala, Hawaii","time":1788455383560,"updated":1788486265010,"tz":null,"url":"https://earthquake.usgs.gov/earthquakes/eventpage/hv75028772","detail":"https://earthquake.usgs.gov/earthquakes/feed/v1.0/detail/hv75028772.geojson","felt":null,"cdi":null,"mmi":null,"alert":null,"status":"reviewed","tsunami":0,"sig":76,"net":"hv","code":"75028772","ids":",us7000te23,hv75028772,","sources":",us,hv,","types":",origin,phase-data,","nst":43,"dmin":0.1498,"rms":0.14,"gap":213,"magType":"ml","type":"earthquake","title":"M 2.2 - 21 km SE of Pāhala, Hawaii"},"geometry":{"type":"Point","coordinates":[-155.357333333333,19.0425,31.98]},"id":"hv75028772"},
{"type":"Feature","properties":{"mag":1.14,"place":"16 km NE of Milford, Utah","time":1788455345260,"updated":1788466992240,"tz":null,"url":"https://earthquake.usgs.gov/earthquakes/eventpage/uu80153871","detail":"https://earthquake.usgs.gov/earthquakes/feed/v1.0/detail/uu80153871.geojson","felt":null,"cdi":null,"mmi":null,"alert":null,"status":"reviewed","tsunami":0,"sig":20,"net":"uu","code":"80153871","ids":",uu80153871,","sources":",uu,","types":",origin,phase-data,","nst":10,"dmin":0.005746,"rms":0.05,"gap":156,"magType":"md","type":"earthquake","title":"M 1.1 - 16 km NE of Milford, Utah"},"geometry":{"type":"Point","coordinates":[-112.890666666667,38.511,2.71]},"id":"uu80153871"},
{"type":"Feature","properties":{"mag":5.2,"place":"271 km SSE of Dunhuang, China","time":1788455080769,"updated":1788456301040,"tz":null,"url":"https://earthquake.usgs.gov/earthquakes/eventpage/us7000te21","detail":"https://earthquake.usgs.gov/earthquakes/feed/v1.0/detail/us7000te21.geojson","felt":null,"cdi":null,"mmi":null,"alert":null,"status":"reviewed","tsunami":0,"sig":416,"net":"us","code":"7000te21","ids":",us7000te21,","sources":",us,","types":",origin,phase-data,","nst":74,"dmin":6.846,"rms":0.66,"gap":39,"magType":"mww","type":"earthquake","title":"M 5.2 - 271 km SSE of Dunhuang, China"},"geometry":{"type":"Point","coordinates":[95.4671,37.7963,10]},"id":"us7000te21"},
{"type":"Feature","properties":{"mag":1.89,"place":"16 km NE of Milford, Utah","time":1788454816780,"updated":1788457014450,"tz":null,"url":"https://earthquake.usgs.gov/earthquakes/eventpage/uu80153866","detail":"https://earthquake.usgs.gov/earthquakes/feed/v1.0/detail/uu80153866.geojson","felt":null,"cdi":null,"mmi":null,"alert":null,"status":"reviewed","tsunami":0,"sig":55,"net":"uu","code":"80153866","ids":",uu80153866,","sources":",uu,","types":",origin,phase-data,","nst":27,"dmin":0.008222,"rms":0.09,"gap":70,"magType":"ml","type":"earthquake","title":"M 1.9 - 16 km NE of Milford, Utah"},"geometry":{"type":"Point","coordinates":[-112.892333333333,38.5171666666667,2.78]},"id":"uu80153866"},
{"type":"Feature","properties":{"mag":1.5,"place":"44 km NW of Beluga, Alaska","time":1788454763832,"updated":1788454886401,"tz":null,"url":"https://earthquake.usgs.gov/earthquakes/eventpage/aka2026rlvjca","detail":"https://earthquake.usgs.gov/earthquakes/feed/v1.0/detail/aka2026rlvjca.geojson","felt":null,"cdi":null,"mmi":null,"alert":null,"status":"automatic","tsunami":0,"sig":35,"net":"ak","code":"a2026rlvjca","ids":",aka2026rlvjca,","sources":",ak,","types":",origin,phase-data,","nst":27,"dmin":0.1,"rms":0.6,"gap":59,"magType":"ml","type":"earthquake","title":"M 1.5 - 44 km NW of Beluga, Alaska"},"geometry":{"type":"Point","coordinates":[-151.7,61.41,84.9]},"id":"aka2026rlvjca"},
{"type":"Feature","properties":{"mag":1.24,"place":"16 km NE of Milford, Utah","time":1788454741840,"updated":1788466870680,"tz":null,"url":"https://earthquake.usgs.gov/earthquakes/eventpage/uu80153861","detail":"https://earthquake.usgs.gov/earthquakes/feed/v1.0/detail/uu80153861.geojson","felt":null,"cdi":null,"mmi":null,"alert":null,"status":"reviewed","tsunami":0,"sig":24,"net":"uu","code":"80153861","ids":",uu80153861,","sources":",uu,","types":",origin,phase-data,","nst":11,"dmin":0.005589,"rms":0.05,"gap":157,"magType":"md","type":"earthquake","title":"M 1.2 - 16 km NE of Milford, Utah"},"geometry":{"type":"Point","coordinates":[-112.891333333333,38.5123333333333,2.65]},"id":"uu80153861"},
{"type":"Feature","properties":{"mag":4.5,"place":"11 km N of Jordán, Colombia","time":1788454726861,"updated":1788461661040,"tz":null,"url":"https://earthquake.usgs.gov/earthquakes/eventpage/us7000te20","detail":"https://earthquake.usgs.gov/earthquakes/feed/v1.0/detail/us7000te20.geojson","felt":null,"cdi":null,"mmi":null,"alert":null,"status":"reviewed","tsunami":0,"sig":312,"net":"us","code":"7000te20","ids":",us7000te20,","sources":",us,","types":",origin,phase-data,","nst":47,"dmin":0.94,"rms":0.74,"gap":94,"magType":"mb","type":"earthquake","title":"M 4.5 - 11 km N of Jordán, Colombia"},"geometry":{"type":"Point","coordinates":[-73.0977,6.8385,144.678]},"id":"us7000te20"},
{"type":"Feature","properties":{"mag":2.78,"place":"15 km SE of Petrolia, CA","time":1788454470700,"updated":1788459145115,"tz":null,"url":"https://earthquake.usgs.gov/earthquakes/eventpage/nc75429247","detail":"https://earthquake.usgs.gov/earthquakes/feed/v1.0/detail/nc75429247.geojson","felt":1,"cdi":3.1,"mmi":null,"alert":null,"status":"automatic","tsunami":0,"sig":119,"net":"nc","code":"75429247","ids":",nc75429247,","sources":",nc,","types":",dyfi,focal-mechanism,nearby-cities,origin,phase-data,scitech-link,","nst":29,"dmin":0.02606,"rms":0.2,"gap":116,"magType":"md","type":"earthquake","title":"M 2.8 - 15 km SE of Petrolia, CA"},"geometry":{"type":"Point","coordinates":[-124.175163269043,40.2241668701172,11.3100004196167]},"id":"nc75429247"},
{"type":"Feature","properties":{"mag":3.1,"place":"93 km SSW of Nikolski, Alaska","time":1788454440676,"updated":1788466328184,"tz":null,"url":"https://earthquake.usgs.gov/earthquakes/eventpage/aka2026rlveoa","detail":"https://earthquake.usgs.gov/earthquakes/feed/v1.0/detail/aka2026rlveoa.geojson","felt":null,"cdi":null,"mmi":null,"alert":null,"status":"reviewed","tsunami":0,"sig":148,"net":"ak","code":"a2026rlveoa","ids":",aka2026rlveoa,","sources":",ak,","types":",origin,phase-data,","nst":20,"dmin":0.7,"rms":0.5,"gap":288,"magType":"ml","type":"earthquake","title":"M 3.1 - 93 km SSW of Nikolski, Alaska"},"geometry":{"type":"Point","coordinates":[-169.252,52.131,12.5]},"id":"aka2026rlveoa"},
{"type":"Feature","properties":{"mag":1.2,"place":"16 km NE of Milford, Utah","time":1788454438940,"updated":1788466713750,"tz":null,"url":"https://earthquake.usgs.gov/earthquakes/eventpage/uu80153856","detail":"https://earthquake.usgs.gov/earthquakes/feed/v1.0/detail/uu80153856.geojson","felt":null,"cdi":null,"mmi":null,"alert":null,"status":"reviewed","tsunami":0,"sig":22,"net":"uu","code":"80153856","ids":",uu80153856,","sources":",uu,","types":",origin,phase-data,","nst":11,"dmin":0.005225,"rms":0.05,"gap":162,"magType":"md","type":"earthquake","title":"M 1.2 - 16 km NE of Milford, Utah"},"geometry":{"type":"Point","coordinates":[-112.891666666667,38.512,2.67]},"id":"uu80153856"},
{"type":"Feature","properties":{"mag":1.2,"place":"16 km NE of Milford, Utah","time":1788454372800,"updated":1788466550940,"tz":null,"url":"https://earthquake.usgs.gov/earthquakes/eventpage/uu80153851","detail":"https://earthquake.usgs.gov/earthquakes/feed/v1.0/detail/uu80153851.geojson","felt":null,"cdi":null,"mmi":null,"alert":null,"status":"reviewed","tsunami":0,"sig":22,"net":"uu","code":"80153851","ids":",uu80153851,","sources":",uu,","types":",origin,phase-data,","nst":10,"dmin":0.005176,"rms":0.05,"gap":164,"magType":"md","type":"earthquake","title":"M 1.2 - 16 km NE of Milford, Utah"},"geometry":{"type":"Point","coordinates":[-112.891333333333,38.5105,2.45]},"id":"uu80153851"},
{"type":"Feature","properties":{"mag":3.2,"place":"106 km SSW of Nikolski, Alaska","time":1788454335837,"updated":1788466249662,"tz":null,"url":"https://earthquake.usgs.gov/earthquakes/eventpage/aka2026rlvdbh","detail":"https://earthquake.usgs.gov/earthquakes/feed/v1.0/detail/aka2026rlvdbh.geojson","felt":null,"cdi":null,"mmi":null,"alert":null,"status":"reviewed","tsunami":0,"sig":158,"net":"ak","code":"a2026rlvdbh","ids":",aka2026rlvdbh,","sources":",ak,","types":",origin,phase-data,","nst":18,"dmin":0.8,"rms":0.5,"gap":293,"magType":"ml","type":"earthquake","title":"M 3.2 - 106 km SSW of Nikolski, Alaska"},"geometry":{"type":"Point","coordinates":[-169.237,52.006,15.1]},"id":"aka2026rlvdbh"},
{"type":"Feature","properties":{"mag":1.58,"place":"16 km NE of Milford, Utah","time":1788454152380,"updated":1788459929470,"tz":null,"url":"https://earthquake.usgs.gov/earthquakes/eventpage/uu80153846","detail":"https://earthquake.usgs.gov/earthquakes/feed/v1.0/detail/uu80153846.geojson","felt":null,"cdi":null,"mmi":null,"alert":null,"status":"reviewed","tsunami":0,"sig":38,"net":"uu","code":"80153846","ids":",uu80153846,","sources":",uu,","types":",origin,phase-data,","nst":12,"dmin":0.005,"rms":0.06,"gap":157,"magType":"md","type":"earthquake","title":"M 1.6 - 16 km NE of Milford, Utah"},"geometry":{"type":"Point","coordinates":[-112.891666666667,38.5111666666667,2.7]},"id":"uu80153846"},
{"type":"Feature","properties":{"mag":2.9,"place":"94 km SSW of Nikolski, Alaska","time":1788453987759,"updated":1788466181854,"tz":null,"url":"https://earthquake.usgs.gov/earthquakes/eventpage/aka2026rluxvz","detail":"https://earthquake.usgs.gov/earthquakes/feed/v1.0/detail/aka2026rluxvz.geojson","felt":null,"cdi":null,"mmi":null,"alert":null,"status":"reviewed","tsunami":0,"sig":129,"net":"ak","code":"a2026rluxvz","ids":",aka2026rluxvz,","sources":",ak,","types":",origin,phase-data,","nst":17,"dmin":0.7,"rms":0.7,"gap":289,"magType":"ml","type":"earthquake","title":"M 2.9 - 94 km SSW of Nikolski, Alaska"},"geometry":{"type":"Point","coordinates":[-169.287,52.132,12.5]},"id":"aka2026rluxvz"},
{"type":"Feature","properties":{"mag":1.5,"place":"16 km NE of Milford, Utah","time":1788453892690,"updated":1788460501980,"tz":null,"url":"https://earthquake.usgs.gov/earthquakes/eventpage/uu80153841","detail":"https://earthquake.usgs.gov/earthquakes/feed/v1.0/detail/uu80153841.geojson","felt":null,"cdi":null,"mmi":null,"alert":null,"status":"reviewed","tsunami":0,"sig":35,"net":"uu","code":"80153841","ids":",uu80153841,","sources":",uu,","types":",origin,phase-data,","nst":19,"dmin":0.006104,"rms":0.07,"gap":48,"magType":"ml","type":"earthquake","title":"M 1.5 - 16 km NE of Milford, Utah"},"geometry":{"type":"Point","coordinates":[-112.892,38.5141666666667,2.65]},"id":"uu80153841"},
{"type":"Feature","properties":{"mag":1.17,"place":"11 km NE of Julian, CA","time":1788453776580,"updated":1788454900841,"tz":null,"url":"https://earthquake.usgs.gov/earthquakes/eventpage/ci41541344","detail":"https://earthquake.usgs.gov/earthquakes/feed/v1.0/detail/ci41541344.geojson","felt":null,"cdi":null,"mmi":null,"alert":null,"status":"reviewed","tsunami":0,"sig":21,"net":"ci","code":"41541344","ids":",ci41541344,","sources":",ci,","types":",nearby-cities,origin,phase-data,","nst":48,"dmin":0.09297,"rms":0.19,"gap":42,"magType":"ml","type":"earthquake","title":"M 1.2 - 11 km NE of Julian, CA"},"geometry":{"type":"Point","coordinates":[-116.516833333333,33.1448333333333,9.11]},"id":"ci41541344"},
{"type":"Feature","properties":{"mag":0.88,"place":"17 km NE of Milford, Utah","time":1788453750360,"updated":1788460202650,"tz":null,"url":"https://earthquake.usgs.gov/earthquakes/eventpage/uu80153836","detail":"https://earthquake.usgs.gov/earthquakes/feed/v1.0/detail/uu80153836.geojson","felt":null,"cdi":null,"mmi":null,"alert":null,"status":"reviewed","tsunami":0,"sig":12,"net":"uu","code":"80153836","ids":",uu80153836,","sources":",uu,","types":",origin,phase-data,","nst":10,"dmin":0.0105,"rms":0.13,"gap":189,"magType":"md","type":"earthquake","title":"M 0.9 - 17 km NE of Milford, Utah"},"geometry":{"type":"Point","coordinates":[-112.885,38.5233333333333,2.49]},"id":"uu80153836"},
{"type":"Feature","properties":{"mag":-1.21,"place":"64 km ENE of Pedro Bay, Alaska","time":1788453721790,"updated":1788486788440,"tz":null,"url":"https://earthquake.usgs.gov/earthquakes/eventpage/av94415463","detail":"https://earthquake.usgs.gov/earthquakes/feed/v1.0/detail/av94415463.geojson","felt":null,"cdi":null,"mmi":null,"alert":null,"status":"reviewed","tsunami":0,"sig":0,"net":"av","code":"94415463","ids":",av94415463,","sources":",av,","types":",origin,phase-data,","nst":5,"dmin":0.01748,"rms":0.06,"gap":124,"magType":"ml","type":"earthquake","title":"M -1.2 - 64 km ENE of Pedro Bay, Alaska"},"geometry":{"type":"Point","coordinates":[-153.050666666667,60.0096666666667,2.57]},"id":"av94415463"},
{"type":"Feature","properties":{"mag":-0.8,"place":"60 km SE of Pedro Bay, Alaska","time":1788453355500,"updated":1788486638220,"tz":null,"url":"https://earthquake.usgs.gov/earthquakes/eventpage/av94415458","detail":"https://earthquake.usgs.gov/earthquakes/feed/v1.0/detail/av94415458.geojson","felt":null,"cdi":null,"mmi":null,"alert":null,"status":"reviewed","tsunami":0,"sig":0,"net":"av","code":"94415458","ids":",av94415458,","sources":",av,","types":",origin,phase-data,","nst":6,"dmin":0.008393,"rms":0.13,"gap":95,"magType":"ml","type":"earthquake","title":"M -0.8 - 60 km SE of Pedro Bay, Alaska"},"geometry":{"type":"Point","coordinates":[-153.428333333333,59.3621666666667,-0.27]},"id":"av94415458"},
{"type":"Feature","properties":{"mag":0.8,"place":"16 km NE of Milford, Utah","time":1788453167660,"updated":1788459315590,"tz":null,"url":"https://earthquake.usgs.gov/earthquakes/eventpage/uu80153826","detail":"https://earthquake.usgs.gov/earthquakes/feed/v1.0/detail/uu80153826.geojson","felt":null,"cdi":null,"mmi":null,"alert":null,"status":"reviewed","tsunami":0,"sig":10,"net":"uu","code":"80153826","ids":",uu80153826,","sources":",uu,","types":",origin,phase-data,","nst":12,"dmin":0.006384,"rms":0.06,"gap":95,"magType":"md","type":"earthquake","title":"M 0.8 - 16 km NE of Milford, Utah"},"geometry":{"type":"Point","coordinates":[-112.888333333333,38.5078333333333,2.62]},"id":"uu80153826"},
{"type":"Feature","properties":{"mag":2.6,"place":"71 km SSE of Sand Point, Alaska","time":1788453082070,"updated":1788466100311,"tz":null,"url":"https://earthquake.usgs.gov/earthquakes/eventpage/aka2026rlukus","detail":"https://earthquake.usgs.gov/earthquakes/feed/v1.0/detail/aka2026rlukus.geojson","felt":null,"cdi":null,"mmi":null,"alert":null,"status":"reviewed","tsunami":0,"sig":104,"net":"ak","code":"a2026rlukus","ids":",aka2026rlukus,","sources":",ak,","types":",origin,phase-data,","nst":13,"dmin":1.1,"rms":0.6,"gap":239,"magType":"ml","type":"earthquake","title":"M 2.6 - 71 km SSE of Sand Point, Alaska"},"geometry":{"type":"Point","coordinates":[-160.002,54.759,18.7]},"id":"aka2026rlukus"},
{"type":"Feature","properties":{"mag":4.3,"place":"65 km SW of Nikolski, Alaska","time":1788453030298,"updated":1788488733861,"tz":null,"url":"https://earthquake.usgs.gov/earthquakes/eventpage/us7000te1q","detail":"https://earthquake.usgs.gov/earthquakes/feed/v1.0/detail/us7000te1q.geojson","felt":null,"cdi":null,"mmi":2.211,"alert":null,"status":"reviewed","tsunami":0,"sig":284,"net":"us","code":"7000te1q","ids":",aka2026rlujxq,us7000te1q,","sources":",ak,us,","types":",origin,phase-data,shakemap,","nst":31,"dmin":0.617,"rms":0.65,"gap":141,"magType":"mb","type":"earthquake","title":"M 4.3 - 65 km SW of Nikolski, Alaska"},"geometry":{"type":"Point","coordinates":[-169.5156,52.5045,52.603]},"id":"us7000te1q"},
{"type":"Feature","properties":{"mag":1.52,"place":"7 km NNW of Pinnacles, CA","time":1788453005070,"updated":1788458243001,"tz":null,"url":"https://earthquake.usgs.gov/earthquakes/eventpage/nc75429242","detail":"https://earthquake.usgs.gov/earthquakes/feed/v1.0/detail/nc75429242.geojson","felt":null,"cdi":null,"mmi":null,"alert":null,"status":"automatic","tsunami":0,"sig":36,"net":"nc","code":"75429242","ids":",nc75429242,","sources":",nc,","types":",nearby-cities,origin,phase-data,scitech-link,","nst":7,"dmin":0.0273,"rms":0.03,"gap":147,"magType":"md","type":"earthquake","title":"M 1.5 - 7 km NNW of Pinnacles, CA"},"geometry":{"type":"Point","coordinates":[-121.15983581543,36.5896682739258,4.07999992370605]},"id":"nc75429242"},
{"type":"Feature","properties":{"mag":3.6,"place":"106 km S of Nikolski, Alaska","time":1788452933225,"updated":1788466072650,"tz":null,"url":"https://earthquake.usgs.gov/earthquakes/eventpage/aka2026rluipx","detail":"https://earthquake.usgs.gov/earthquakes/feed/v1.0/detail/aka2026rluipx.geojson","felt":null,"cdi":null,"mmi":1.849,"alert":null,"status":"reviewed","tsunami":0,"sig":199,"net":"ak","code":"a2026rluipx","ids":",aka2026rluipx,","sources":",ak,","types":",origin,phase-data,shakemap,","nst":10,"dmin":1,"rms":0.3,"gap":300,"magType":"ml","type":"earthquake","title":"M 3.6 - 106 km S of Nikolski, Alaska"},"geometry":{"type":"Point","coordinates":[-168.907,51.979,6.5]},"id":"aka2026rluipx"},
{"type":"Feature","properties":{"mag":0.15,"place":"8 km SE of Valle Vista, CA","time":1788452509420,"updated":1788468498737,"tz":null,"url":"https://earthquake.usgs.gov/earthquakes/eventpage/ci41541336","detail":"https://earthquake.usgs.gov/earthquakes/feed/v1.0/detail/ci41541336.geojson","felt":null,"cdi":null,"mmi":null,"alert":null,"status":"reviewed","tsunami":0,"sig":0,"net":"ci","code":"41541336","ids":",ci41541336,","sources":",ci,","types":",nearby-cities,origin,phase-data,","nst":11,"dmin":0.08515,"rms":0.08,"gap":89,"magType":"ml","type":"earthquake","title":"M 0.2 - 8 km SE of Valle Vista, CA"},"geometry":{"type":"Point","coordinates":[-116.823333333333,33.7023333333333,16.38]},"id":"ci41541336"},
{"type":"Feature","properties":{"mag":1.31,"place":"16 km NE of Milford, Utah","time":1788452303260,"updated":1788457846700,"tz":null,"url":"https://earthquake.usgs.gov/earthquakes/eventpage/uu80153811","detail":"https://earthquake.usgs.gov/earthquakes/feed/v1.0/detail/uu80153811.geojson","felt":null,"cdi":null,"mmi":null,"alert":null,"status":"reviewed","tsunami":0,"sig":26,"net":"uu","code":"80153811","ids":",uu80153811,","sources":",uu,","types":",origin,phase-data,","nst":13,"dmin":0.004353,"rms":0.05,"gap":157,"magType":"ml","type":"earthquake","title":"M 1.3 - 16 km NE of Milford, Utah"},"geometry":{"type":"Point","coordinates":[-112.893666666667,38.513,2.29]},"id":"uu80153811"},
{"type":"Feature","properties":{"mag":3,"place":"99 km SSW of Nikolski, Alaska","time":1788452148488,"updated":1788465926762,"tz":null,"url":"https://earthquake.usgs.gov/earthquakes/eventpage/aka2026rltxgz","detail":"https://earthquake.usgs.gov/earthquakes/feed/v1.0/detail/aka2026rltxgz.geojson","felt":null,"cdi":null,"mmi":null,"alert":null,"status":"reviewed","tsunami":0,"sig":138,"net":"ak","code":"a2026rltxgz","ids":",aka2026rltxgz,","sources":",ak,","types":",origin,phase-data,","nst":10,"dmin":0.8,"rms":0.7,"gap":299,"magType":"ml","type":"earthquake","title":"M 3.0 - 99 km SSW of Nikolski, Alaska"},"geometry":{"type":"Point","coordinates":[-169.274,52.083,10.7]},"id":"aka2026rltxgz"},
{"type":"Feature","properties":{"mag":4.8,"place":"81 km SSW of Nikolski, Alaska","time":1788451885672,"updated":1788456558572,"tz":null,"url":"https://earthquake.usgs.gov/earthquakes/eventpage/us7000te09","detail":"https://earthquake.usgs.gov/earthquakes/feed/v1.0/detail/us7000te09.geojson","felt":null,"cdi":null,"mmi":2.705,"alert":null,"status":"reviewed","tsunami":0,"sig":354,"net":"us","code":"7000te09","ids":",aka2026rlttmh,us7000te09,","sources":",ak,us,","types":",origin,phase-data,shakemap,","nst":72,"dmin":0.766,"rms":0.75,"gap":101,"magType":"mb","type":"earthquake","title":"M 4.8 - 81 km SSW of Nikolski, Alaska"},"geometry":{"type":"Point","coordinates":[-169.4187,52.2887,35]},"id":"us7000te09"},
{"type":"Feature","properties":{"mag":2.8,"place":"77 km SSW of Nikolski, Alaska","time":1788451708701,"updated":1788465223666,"tz":null,"url":"https://earthquake.usgs.gov/earthquakes/eventpage/aka2026rltrbh","detail":"https://earthquake.usgs.gov/earthquakes/feed/v1.0/detail/aka2026rltrbh.geojson","felt":null,"cdi":null,"mmi":null,"alert":null,"status":"reviewed","tsunami":0,"sig":121,"net":"ak","code":"a2026rltrbh","ids":",aka2026rltrbh,","sources":",ak,","types":",origin,phase-data,","nst":11,"dmin":0.6,"rms":0.7,"gap":288,"magType":"ml","type":"earthquake","title":"M 2.8 - 77 km SSW of Nikolski, Alaska"},"geometry":{"type":"Point","coordinates":[-169.163,52.271,10.4]},"id":"aka2026rltrbh"},
{"type":"Feature","properties":{"mag":2.7,"place":"83 km SSW of Nikolski, Alaska","time":1788451491677,"updated":1788464789130,"tz":null,"url":"https://earthquake.usgs.gov/earthquakes/eventpage/aka2026rltnuv","detail":"https://earthquake.usgs.gov/earthquakes/feed/v1.0/detail/aka2026rltnuv.geojson","felt":null,"cdi":null,"mmi":null,"alert":null,"status":"reviewed","tsunami":0,"sig":112,"net":"ak","code":"a2026rltnuv","ids":",aka2026rltnuv,","sources":",ak,","types":",origin,phase-data,","nst":12,"dmin":0.6,"rms":0.4,"gap":293,"magType":"ml","type":"earthquake","title":"M 2.7 - 83 km SSW of Nikolski, Alaska"},"geometry":{"type":"Point","coordinates":[-169.357,52.255,16.5]},"id":"aka2026rltnuv"},
{"type":"Feature","properties":{"mag":1.61,"place":"6 km SE of Poplar-Cotton Center, CA","time":1788451130010,"updated":1788459069452,"tz":null,"url":"https://earthquake.usgs.gov/earthquakes/eventpage/ci41541328","detail":"https://earthquake.usgs.gov/earthquakes/feed/v1.0/detail/ci41541328.geojson","felt":null,"cdi":null,"mmi":null,"alert":null,"status":"reviewed","tsunami":0,"sig":40,"net":"ci","code":"41541328","ids":",ci41541328,","sources":",ci,","types":",nearby-cities,origin,phase-data,scitech-link,","nst":16,"dmin":0.1215,"rms":0.2,"gap":118,"magType":"ml","type":"earthquake","title":"M 1.6 - 6 km SE of Poplar-Cotton Center, CA"},"geometry":{"type":"Point","coordinates":[-119.102833333333,36.0125,14.78]},"id":"ci41541328"},
{"type":"Feature","properties":{"mag":1.8,"place":"63 km SSW of Nanwalek, Alaska","time":1788450939074,"updated":1788451036833,"tz":null,"url":"https://earthquake.usgs.gov/earthquakes/eventpage/aka2026rltfwh","detail":"https://earthquake.usgs.gov/earthquakes/feed/v1.0/detail/aka2026rltfwh.geojson","felt":null,"cdi":null,"mmi":null,"alert":null,"status":"automatic","tsunami":0,"sig":50,"net":"ak","code":"a2026rltfwh","ids":",aka2026rltfwh,","sources":",ak,","types":",origin,phase-data,","nst":32,"dmin":0.2,"rms":0.5,"gap":141,"magType":"ml","type":"earthquake","title":"M 1.8 - 63 km SSW of Nanwalek, Alaska"},"geometry":{"type":"Point","coordinates":[-152.374,58.835,57.4]},"id":"aka2026rltfwh"},
{"type":"Feature","properties":{"mag":2.8,"place":"100 km S of Nikolski, Alaska","time":1788450756325,"updated":1788464716718,"tz":null,"url":"https://earthquake.usgs.gov/earthquakes/eventpage/aka2026rltdhg","detail":"https://earthquake.usgs.gov/earthquakes/feed/v1.0/detail/aka2026rltdhg.geojson","felt":null,"cdi":null,"mmi":null,"alert":null,"status":"reviewed","tsunami":0,"sig":121,"net":"ak","code":"a2026rltdhg","ids":",aka2026rltdhg,","sources":",ak,","types":",origin,phase-data,","nst":10,"dmin":0.9,"rms":0.2,"gap":300,"magType":"ml","type":"earthquake","title":"M 2.8 - 100 km S of Nikolski, Alaska"},"geometry":{"type":"Point","coordinates":[-168.957,52.038,1.4]},"id":"aka2026rltdhg"},
{"type":"Feature","properties":{"mag":2.31,"place":"5 km ENE of Willits, CA","time":1788450752390,"updated":1788474033293,"tz":null,"url":"https://earthquake.usgs.gov/earthquakes/eventpage/nc75429237","detail":"https://earthquake.usgs.gov/earthquakes/feed/v1.0/detail/nc75429237.geojson","felt":1,"cdi":2,"mmi":null,"alert":null,"status":"automatic","tsunami":0,"sig":82,"net":"nc","code":"75429237","ids":",nc75429237,","sources":",nc,","types":",dyfi,nearby-cities,origin,phase-data,scitech-link,","nst":25,"dmin":0.05887,"rms":0.11,"gap":74,"magType":"md","type":"earthquake","title":"M 2.3 - 5 km ENE of Willits, CA"},"geometry":{"type":"Point","coordinates":[-123.297836303711,39.4186668395996,-0.230000004172325]},"id":"nc75429237"},
{"type":"Feature","properties":{"mag":4.5,"place":"78 km SSW of Nikolski, Alaska","time":1788450121226,"updated":1788456595040,"tz":null,"url":"https://earthquake.usgs.gov/earthquakes/eventpage/us7000te02","detail":"https://earthquake.usgs.gov/earthquakes/feed/v1.0/detail/us7000te02.geojson","felt":null,"cdi":null,"mmi":2.35,"alert":null,"status":"reviewed","tsunami":0,"sig":312,"net":"us","code":"7000te02","ids":",aka2026rlstyp,us7000te02,","sources":",ak,us,","types":",origin,phase-data,shakemap,","nst":70,"dmin":0.57,"rms":0.74,"gap":178,"magType":"mb","type":"earthquake","title":"M 4.5 - 78 km SSW of Nikolski, Alaska"},"geometry":{"type":"Point","coordinates":[-169.2869,52.2839,35]},"id":"us7000te02"},
{"type":"Feature","properties":{"mag":-0.35,"place":"61 km WNW of Tyonek, Alaska","time":1788449945270,"updated":1788485316890,"tz":null,"url":"https://earthquake.usgs.gov/earthquakes/eventpage/av93066524","detail":"https://earthquake.usgs.gov/earthquakes/feed/v1.0/detail/av93066524.geojson","felt":null,"cdi":null,"mmi":null,"alert":null,"status":"reviewed","tsunami":0,"sig":0,"net":"av","code":"93066524","ids":",av93066524,","sources":",av,","types":",origin,phase-data,","nst":7,"dmin":0.08925,"rms":0.11,"gap":104,"magType":"ml","type":"earthquake","title":"M -0.4 - 61 km WNW of Tyonek, Alaska"},"geometry":{"type":"Point","coordinates":[-152.200833333333,61.2675,21.86]},"id":"av93066524"},
{"type":"Feature","properties":{"mag":1.5,"place":"45 km W of Nanwalek, Alaska","time":1788449188589,"updated":1788449286417,"tz":null,"url":"https://earthquake.usgs.gov/earthquakes/eventpage/aka2026rlsgph","detail":"https://earthquake.usgs.gov/earthquakes/feed/v1.0/detail/aka2026rlsgph.geojson","felt":null,"cdi":null,"mmi":null,"alert":null,"status":"automatic","tsunami":0,"sig":35,"net":"ak","code":"a2026rlsgph","ids":",aka2026rlsgph,","sources":",ak,","types":",origin,phase-data,","nst":33,"dmin":0.4,"rms":0.5,"gap":91,"magType":"ml","type":"earthquake","title":"M 1.5 - 45 km W of Nanwalek, Alaska"},"geometry":{"type":"Point","coordinates":[-152.72,59.34,75.1]},"id":"aka2026rlsgph"},
{"type":"Feature","properties":{"mag":2.8,"place":"77 km S of Nikolski, Alaska","time":1788449051446,"updated":1788464584975,"tz":null,"url":"https://earthquake.usgs.gov/earthquakes/eventpage/aka2026rlseop","detail":"https://earthquake.usgs.gov/earthquakes/feed/v1.0/detail/aka2026rlseop.geojson","felt":null,"cdi":null,"mmi":null,"alert":null,"status":"reviewed","tsunami":0,"sig":121,"net":"ak","code":"a2026rlseop","ids":",aka2026rlseop,","sources":",ak,","types":",origin,phase-data,","nst":13,"dmin":0.7,"rms":0.4,"gap":287,"magType":"ml","type":"earthquake","title":"M 2.8 - 77 km S of Nikolski, Alaska"},"geometry":{"type":"Point","coordinates":[-168.979,52.244,3.8]},"id":"aka2026rlseop"},
{"type":"Feature","properties":{"mag":2.1,"place":"5 km ENE of Willits, CA","time":1788447936610,"updated":1788451644265,"tz":null,"url":"https://earthquake.usgs.gov/earthquakes/eventpage/nc75429222","detail":"https://earthquake.usgs.gov/earthquakes/feed/v1.0/detail/nc75429222.geojson","felt":1,"cdi":0,"mmi":null,"alert":null,"status":"automatic","tsunami":0,"sig":68,"net":"nc","code":"75429222","ids":",nc75429222,","sources":",nc,","types":",dyfi,nearby-cities,origin,phase-data,scitech-link,","nst":19,"dmin":0.05508,"rms":0.07,"gap":74,"magType":"md","type":"earthquake","title":"M 2.1 - 5 km ENE of Willits, CA"},"geometry":{"type":"Point","coordinates":[-123.299835205078,39.4221649169922,0.230000004172325]},"id":"nc75429222"},
{"type":"Feature","properties":{"mag":-0.58,"place":"78 km NW of Ninilchik, Alaska","time":1788447866730,"updated":1788487067215,"tz":null,"url":"https://earthquake.usgs.gov/earthquakes/eventpage/av94415343","detail":"https://earthquake.usgs.gov/earthquakes/feed/v1.0/detail/av94415343.geojson","felt":null,"cdi":null,"mmi":null,"alert":null,"status":"reviewed","tsunami":0,"sig":0,"net":"av","code":"94415343","ids":",av94415343,aka2026rlrnkr,","sources":",av,ak,","types":",origin,phase-data,","nst":8,"dmin":0.0298,"rms":0.21,"gap":174,"magType":"ml","type":"earthquake","title":"M -0.6 - 78 km NW of Ninilchik, Alaska"},"geometry":{"type":"Point","coordinates":[-152.812166666667,60.4615,5.55]},"id":"av94415343"},
{"type":"Feature","properties":{"mag":2.9,"place":"91 km SSW of Nikolski, Alaska","time":1788447386495,"updated":1788464524755,"tz":null,"url":"https://earthquake.usgs.gov/earthquakes/eventpage/aka2026rlrgpc","detail":"https://earthquake.usgs.gov/earthquakes/feed/v1.0/detail/aka2026rlrgpc.geojson","felt":null,"cdi":null,"mmi":null,"alert":null,"status":"reviewed","tsunami":0,"sig":129,"net":"ak","code":"a2026rlrgpc","ids":",aka2026rlrgpc,","sources":",ak,","types":",origin,phase-data,","nst":13,"dmin":0.7,"rms":0.4,"gap":295,"magType":"ml","type":"earthquake","title":"M 2.9 - 91 km SSW of Nikolski, Alaska"},"geometry":{"type":"Point","coordinates":[-169.141,52.131,3]},"id":"aka2026rlrgpc"},
{"type":"Feature","properties":{"mag":1.8,"place":"15 km SSE of Pyote, Texas","time":1788447189153,"updated":1788447628849,"tz":null,"url":"https://earthquake.usgs.gov/earthquakes/eventpage/tx2026riwnhb","detail":"https://earthquake.usgs.gov/earthquakes/feed/v1.0/detail/tx2026riwnhb.geojson","felt":null,"cdi":null,"mmi":null,"alert":null,"status":"automatic","tsunami":0,"sig":50,"net":"tx","code":"2026riwnhb","ids":",tx2026riwnhb,","sources":",tx,","types":",origin,phase-data,","nst":15,"dmin":0.2,"rms":0.9,"gap":105,"magType":"ml","type":"earthquake","title":"M 1.8 - 15 km SSE of Pyote, Texas"},"geometry":{"type":"Point","coordinates":[-103.058,31.41,0]},"id":"tx2026riwnhb"},
{"type":"Feature","properties":{"mag":2.02,"place":"21 km SSW of Silver Peak, Nevada","time":1788447090661,"updated":1788456450679,"tz":null,"url":"https://earthquake.usgs.gov/earthquakes/eventpage/nn00924158","detail":"https://earthquake.usgs.gov/earthquakes/feed/v1.0/detail/nn00924158.geojson","felt":null,"cdi":null,"mmi":null,"alert":null,"status":"reviewed","tsunami":0,"sig":63,"net":"nn","code":"00924158","ids":",nn00924158,","sources":",nn,","types":",origin,phase-data,","nst":12,"dmin":0.19,"rms":0.1739,"gap":178,"magType":"ml","type":"earthquake","title":"M 2.0 - 21 km SSW of Silver Peak, Nevada"},"geometry":{"type":"Point","coordinates":[-117.7553,37.5875,4.1723]},"id":"nn00924158"},
{"type":"Feature","properties":{"mag":1.88,"place":"13 km SE of Pāhala, Hawaii","time":1788446840850,"updated":1788485842430,"tz":null,"url":"https://earthquake.usgs.gov/earthquakes/eventpage/hv75028712","detail":"https://earthquake.usgs.gov/earthquakes/feed/v1.0/detail/hv75028712.geojson","felt":null,"cdi":null,"mmi":null,"alert":null,"status":"reviewed","tsunami":0,"sig":54,"net":"hv","code":"75028712","ids":",hv75028712,","sources":",hv,","types":",origin,phase-data,","nst":28,"dmin":0.08517,"rms":0.22,"gap":190,"magType":"ml","type":"earthquake","title":"M 1.9 - 13 km SE of Pāhala, Hawaii"},"geometry":{"type":"Point","coordinates":[-155.381333333333,19.1175,40.65]},"id":"hv75028712"},
{"type":"Feature","properties":{"mag":-0.33,"place":"89 km NNW of Karluk, Alaska","time":1788446600570,"updated":1788484836400,"tz":null,"url":"https://earthquake.usgs.gov/earthquakes/eventpage/av94415318","detail":"https://earthquake.usgs.gov/earthquakes/feed/v1.0/detail/av94415318.geojson","felt":null,"cdi":null,"mmi":null,"alert":null,"status":"reviewed","tsunami":0,"sig":0,"net":"av","code":"94415318","ids":",av94415318,","sources":",av,","types":",origin,phase-data,","nst":6,"dmin":0.01193,"rms":0.23,"gap":133,"magType":"ml","type":"earthquake","title":"M -0.3 - 89 km NNW of Karluk, Alaska"},"geometry":{"type":"Point","coordinates":[-155.1835,58.2713333333333,6.54]},"id":"av94415318"},
{"type":"Feature","properties":{"mag":4.2,"place":"74 km SSW of Nikolski, Alaska","time":1788446376999,"updated":1788456281677,"tz":null,"url":"https://earthquake.usgs.gov/earthquakes/eventpage/us7000tdzu","detail":"https://earthquake.usgs.gov/earthquakes/feed/v1.0/detail/us7000tdzu.geojson","felt":null,"cdi":null,"mmi":2.377,"alert":null,"status":"reviewed","tsunami":0,"sig":271,"net":"us","code":"7000tdzu","ids":",aka2026rlqrwh,us7000tdzu,","sources":",ak,us,","types":",origin,phase-data,shakemap,","nst":48,"dmin":0.7,"rms":0.68,"gap":177,"magType":"mb","type":"earthquake","title":"M 4.2 - 74 km SSW of Nikolski, Alaska"},"geometry":{"type":"Point","coordinates":[-169.4746,52.3837,35]},"id":"us7000tdzu"},
{"type":"Feature","properties":{"mag":1.6,"place":"7 km S of Kasilof, Alaska","time":1788446246506,"updated":1788446325615,"tz":null,"url":"https://earthquake.usgs.gov/earthquakes/eventpage/aka2026rlqqal","detail":"https://earthquake.usgs.gov/earthquakes/feed/v1.0/detail/aka2026rlqqal.geojson","felt":null,"cdi":null,"mmi":null,"alert":null,"status":"automatic","tsunami":0,"sig":39,"net":"ak","code":"a2026rlqqal","ids":",aka2026rlqqal,","sources":",ak,","types":",origin,phase-data,","nst":26,"dmin":0.5,"rms":0.8,"gap":58,"magType":"ml","type":"earthquake","title":"M 1.6 - 7 km S of Kasilof, Alaska"},"geometry":{"type":"Point","coordinates":[-151.247,60.268,24.7]},"id":"aka2026rlqqal"},
{"type":"Feature","properties":{"mag":2.8,"place":"100 km SSW of Nikolski, Alaska","time":1788446190245,"updated":1788464427717,"tz":null,"url":"https://earthquake.usgs.gov/earthquakes/eventpage/aka2026rlqpjd","detail":"https://earthquake.usgs.gov/earthquakes/feed/v1.0/detail/aka2026rlqpjd.geojson","felt":null,"cdi":null,"mmi":null,"alert":null,"status":"reviewed","tsunami":0,"sig":121,"net":"ak","code":"a2026rlqpjd","ids":",aka2026rlqpjd,","sources":",ak,","types":",origin,phase-data,","nst":10,"dmin":0.7,"rms":0.3,"gap":300,"magType":"ml","type":"earthquake","title":"M 2.8 - 100 km SSW of Nikolski, Alaska"},"geometry":{"type":"Point","coordinates":[-169.356,52.085,20.1]},"id":"aka2026rlqpjd"},
{"type":"Feature","properties":{"mag":1.03,"place":"3 km ENE of Loma Linda, CA","time":1788446151160,"updated":1788446352089,"tz":null,"url":"https://earthquake.usgs.gov/earthquakes/eventpage/ci41541304","detail":"https://earthquake.usgs.gov/earthquakes/feed/v1.0/detail/ci41541304.geojson","felt":null,"cdi":null,"mmi":null,"alert":null,"status":"automatic","tsunami":0,"sig":16,"net":"ci","code":"41541304","ids":",ci41541304,","sources":",ci,","types":",nearby-cities,origin,phase-data,","nst":13,"dmin":0.06288,"rms":0.14,"gap":242,"magType":"ml","type":"earthquake","title":"M 1.0 - 3 km ENE of Loma Linda, CA"},"geometry":{"type":"Point","coordinates":[-117.2305,34.0598333333333,4.76]},"id":"ci41541304"},
{"type":"Feature","properties":{"mag":-0.14,"place":"65 km WNW of Beluga, Alaska","time":1788446126000,"updated":1788487030754,"tz":null,"url":"https://earthquake.usgs.gov/earthquakes/eventpage/av94415288","detail":"https://earthquake.usgs.gov/earthquakes/feed/v1.0/detail/av94415288.geojson","felt":null,"cdi":null,"mmi":null,"alert":null,"status":"reviewed","tsunami":0,"sig":0,"net":"av","code":"94415288","ids":",av94415288,aka2026rlqohi,","sources":",av,ak,","types":",origin,phase-data,","nst":10,"dmin":0.06793,"rms":0.06,"gap":122,"magType":"ml","type":"earthquake","title":"M -0.1 - 65 km WNW of Beluga, Alaska"},"geometry":{"type":"Point","coordinates":[-152.257,61.3123333333333,-0.3]},"id":"av94415288"},
{"type":"Feature","properties":{"mag":0.81,"place":"1 km NNE of Loma Linda, CA","time":1788445936630,"updated":1788452755315,"tz":null,"url":"https://earthquake.usgs.gov/earthquakes/eventpage/ci41541280","detail":"https://earthquake.usgs.gov/earthquakes/feed/v1.0/detail/ci41541280.geojson","felt":null,"cdi":null,"mmi":null,"alert":null,"status":"reviewed","tsunami":0,"sig":10,"net":"ci","code":"41541280","ids":",ci41541280,","sources":",ci,","types":",nearby-cities,origin,phase-data,","nst":32,"dmin":0.1057,"rms":0.13,"gap":37,"magType":"ml","type":"earthquake","title":"M 0.8 - 1 km NNE of Loma Linda, CA"},"geometry":{"type":"Point","coordinates":[-117.253166666667,34.0593333333333,14.73]},"id":"ci41541280"},
{"type":"Feature","properties":{"mag":4.1,"place":"82 km SSW of Nikolski, Alaska","time":1788445656265,"updated":1788456146098,"tz":null,"url":"https://earthquake.usgs.gov/earthquakes/eventpage/us7000tdzr","detail":"https://earthquake.usgs.gov/earthquakes/feed/v1.0/detail/us7000tdzr.geojson","felt":null,"cdi":null,"mmi":2.455,"alert":null,"status":"reviewed","tsunami":0,"sig":259,"net":"us","code":"7000tdzr","ids":",aka2026rlqhkb,us7000tdzr,","sources":",ak,us,","types":",origin,phase-data,shakemap,","nst":24,"dmin":0.776,"rms":0.64,"gap":178,"magType":"mb","type":"earthquake","title":"M 4.1 - 82 km SSW of Nikolski, Alaska"},"geometry":{"type":"Point","coordinates":[-169.488,52.3,35]},"id":"us7000tdzr"},
{"type":"Feature","properties":{"mag":0.6,"place":"11 km WSW of Stanton, Texas","time":1788445637811,"updated":1788464075800,"tz":null,"url":"https://earthquake.usgs.gov/earthquakes/eventpage/tx2026rivqxc","detail":"https://earthquake.usgs.gov/earthquakes/feed/v1.0/detail/tx2026rivqxc.geojson","felt":null,"cdi":null,"mmi":null,"alert":null,"status":"reviewed","tsunami":0,"sig":6,"net":"tx","code":"2026rivqxc","ids":",tx2026rivqxc,","sources":",tx,","types":",origin,phase-data,","nst":14,"dmin":0.1,"rms":0.1,"gap":85,"magType":"ml","type":"earthquake","title":"M 0.6 - 11 km WSW of Stanton, Texas"},"geometry":{"type":"Point","coordinates":[-101.909,32.101,8.96]},"id":"tx2026rivqxc"},
{"type":"Feature","properties":{"mag":1.61,"place":"7 km ESE of Cloverdale, CA","time":1788445593030,"updated":1788448645946,"tz":null,"url":"https://earthquake.usgs.gov/earthquakes/eventpage/nc75429207","detail":"https://earthquake.usgs.gov/earthquakes/feed/v1.0/detail/nc75429207.geojson","felt":null,"cdi":null,"mmi":null,"alert":null,"status":"automatic","tsunami":0,"sig":40,"net":"nc","code":"75429207","ids":",nc75429207,","sources":",nc,","types":",nearby-cities,origin,phase-data,scitech-link,","nst":21,"dmin":0.06213,"rms":0.04,"gap":115,"magType":"md","type":"earthquake","title":"M 1.6 - 7 km ESE of Cloverdale, CA"},"geometry":{"type":"Point","coordinates":[-122.936996459961,38.780834197998,6.51000022888184]},"id":"nc75429207"},
{"type":"Feature","properties":{"mag":2.07,"place":"6 km NNE of Naalehu, Hawaii","time":1788445294730,"updated":1788485572240,"tz":null,"url":"https://earthquake.usgs.gov/earthquakes/eventpage/hv75028692","detail":"https://earthquake.usgs.gov/earthquakes/feed/v1.0/detail/hv75028692.geojson","felt":null,"cdi":null,"mmi":null,"alert":null,"status":"reviewed","tsunami":0,"sig":66,"net":"hv","code":"75028692","ids":",hv75028692,","sources":",hv,","types":",origin,phase-data,","nst":41,"dmin":0.09141,"rms":0.19,"gap":219,"magType":"ml","type":"earthquake","title":"M 2.1 - 6 km NNE of Naalehu, Hawaii"},"geometry":{"type":"Point","coordinates":[-155.548333333333,19.1138333333333,43.77]},"id":"hv75028692"},
{"type":"Feature","properties":{"mag":1.8,"place":"14 km SSE of Lindsay, Texas","time":1788445083473,"updated":1788452020381,"tz":null,"url":"https://earthquake.usgs.gov/earthquakes/eventpage/tx2026riviqq","detail":"https://earthquake.usgs.gov/earthquakes/feed/v1.0/detail/tx2026riviqq.geojson","felt":null,"cdi":null,"mmi":null,"alert":null,"status":"reviewed","tsunami":0,"sig":50,"net":"tx","code":"2026riviqq","ids":",tx2026riviqq,","sources":",tx,","types":",origin,phase-data,","nst":25,"dmin":0.1,"rms":0.4,"gap":60,"magType":"ml","type":"earthquake","title":"M 1.8 - 14 km SSE of Lindsay, Texas"},"geometry":{"type":"Point","coordinates":[-103.466,31.252,4.9719]},"id":"tx2026riviqq"},
{"type":"Feature","properties":{"mag":3.4,"place":"95 km SSW of Nikolski, Alaska","time":1788445064986,"updated":1788464316546,"tz":null,"url":"https://earthquake.usgs.gov/earthquakes/eventpage/aka2026rlpyzj","detail":"https://earthquake.usgs.gov/earthquakes/feed/v1.0/detail/aka2026rlpyzj.geojson","felt":null,"cdi":null,"mmi":null,"alert":null,"status":"reviewed","tsunami":0,"sig":178,"net":"ak","code":"a2026rlpyzj","ids":",aka2026rlpyzj,","sources":",ak,","types":",origin,phase-data,","nst":31,"dmin":0.7,"rms":0.7,"gap":224,"magType":"ml","type":"earthquake","title":"M 3.4 - 95 km SSW of Nikolski, Alaska"},"geometry":{"type":"Point","coordinates":[-169.317,52.126,10]},"id":"aka2026rlpyzj"},
{"type":"Feature","properties":{"mag":4.4,"place":"136 km NNE of Tobelo, Indonesia","time":1788444943066,"updated":1788449702040,"tz":null,"url":"https://earthquake.usgs.gov/earthquakes/eventpage/us7000tdzn","detail":"https://earthquake.usgs.gov/earthquakes/feed/v1.0/detail/us7000tdzn.geojson","felt":null,"cdi":null,"mmi":null,"alert":null,"status":"reviewed","tsunami":0,"sig":298,"net":"us","code":"7000tdzn","ids":",us7000tdzn,","sources":",us,","types":",origin,phase-data,","nst":26,"dmin":5.233,"rms":1,"gap":140,"magType":"mb","type":"earthquake","title":"M 4.4 - 136 km NNE of Tobelo, Indonesia"},"geometry":{"type":"Point","coordinates":[128.6396,2.7883,100.333]},"id":"us7000tdzn"},
{"type":"Feature","properties":{"mag":3,"place":"83 km SSW of Nikolski, Alaska","time":1788444942938,"updated":1788464251534,"tz":null,"url":"https://earthquake.usgs.gov/earthquakes/eventpage/aka2026rlpxhx","detail":"https://earthquake.usgs.gov/earthquakes/feed/v1.0/detail/aka2026rlpxhx.geojson","felt":null,"cdi":null,"mmi":null,"alert":null,"status":"reviewed","tsunami":0,"sig":138,"net":"ak","code":"a2026rlpxhx","ids":",aka2026rlpxhx,","sources":",ak,","types":",origin,phase-data,","nst":18,"dmin":0.6,"rms":0.6,"gap":281,"magType":"ml","type":"earthquake","title":"M 3.0 - 83 km SSW of Nikolski, Alaska"},"geometry":{"type":"Point","coordinates":[-169.219,52.224,7.3]},"id":"aka2026rlpxhx"},
{"type":"Feature","properties":{"mag":2.32,"place":"3 km SW of Pāhala, Hawaii","time":1788444721190,"updated":1788458717660,"tz":null,"url":"https://earthquake.usgs.gov/earthquakes/eventpage/hv75028687","detail":"https://earthquake.usgs.gov/earthquakes/feed/v1.0/detail/hv75028687.geojson","felt":null,"cdi":null,"mmi":null,"alert":null,"status":"reviewed","tsunami":0,"sig":83,"net":"hv","code":"75028687","ids":",us7000tdzg,hv75028687,","sources":",us,hv,","types":",origin,phase-data,","nst":49,"dmin":0.04194,"rms":0.12,"gap":91,"magType":"ml","type":"earthquake","title":"M 2.3 - 3 km SW of Pāhala, Hawaii"},"geometry":{"type":"Point","coordinates":[-155.496833333333,19.1816666666667,30.22]},"id":"hv75028687"},
{"type":"Feature","properties":{"mag":5.1,"place":"Owen Fracture Zone region","time":1788444691916,"updated":1788445841040,"tz":null,"url":"https://earthquake.usgs.gov/earthquakes/eventpage/us7000tdzk","detail":"https://earthquake.usgs.gov/earthquakes/feed/v1.0/detail/us7000tdzk.geojson","felt":null,"cdi":null,"mmi":null,"alert":null,"status":"reviewed","tsunami":0,"sig":400,"net":"us","code":"7000tdzk","ids":",us7000tdzk,","sources":",us,","types":",origin,phase-data,","nst":53,"dmin":10.433,"rms":1.27,"gap":104,"magType":"mb","type":"earthquake","title":"M 5.1 - Owen Fracture Zone region"},"geometry":{"type":"Point","coordinates":[56.4505,14.4605,10]},"id":"us7000tdzk"},
{"type":"Feature","properties":{"mag":2.8,"place":"74 km SSW of Nikolski, Alaska","time":1788444540862,"updated":1788464178397,"tz":null,"url":"https://earthquake.usgs.gov/earthquakes/eventpage/aka2026rlprmy","detail":"https://earthquake.usgs.gov/earthquakes/feed/v1.0/detail/aka2026rlprmy.geojson","felt":null,"cdi":null,"mmi":null,"alert":null,"status":"reviewed","tsunami":0,"sig":121,"net":"ak","code":"a2026rlprmy","ids":",aka2026rlprmy,","sources":",ak,","types":",origin,phase-data,","nst":15,"dmin":0.6,"rms":0.7,"gap":277,"magType":"ml","type":"earthquake","title":"M 2.8 - 74 km SSW of Nikolski, Alaska"},"geometry":{"type":"Point","coordinates":[-169.085,52.279,16.6]},"id":"aka2026rlprmy"},
{"type":"Feature","properties":{"mag":3.2,"place":"85 km S of Nikolski, Alaska","time":1788444410413,"updated":1788464125876,"tz":null,"url":"https://earthquake.usgs.gov/earthquakes/eventpage/aka2026rlppmp","detail":"https://earthquake.usgs.gov/earthquakes/feed/v1.0/detail/aka2026rlppmp.geojson","felt":null,"cdi":null,"mmi":null,"alert":null,"status":"reviewed","tsunami":0,"sig":158,"net":"ak","code":"a2026rlppmp","ids":",aka2026rlppmp,","sources":",ak,","types":",origin,phase-data,","nst":15,"dmin":0.7,"rms":0.5,"gap":284,"magType":"ml","type":"earthquake","title":"M 3.2 - 85 km S of Nikolski, Alaska"},"geometry":{"type":"Point","coordinates":[-169.09,52.18,9.7]},"id":"aka2026rlppmp"},
{"type":"Feature","properties":{"mag":1.1,"place":"2 km SE of Salcha, Alaska","time":1788444180347,"updated":1788444266150,"tz":null,"url":"https://earthquake.usgs.gov/earthquakes/eventpage/aka2026rlpmel","detail":"https://earthquake.usgs.gov/earthquakes/feed/v1.0/detail/aka2026rlpmel.geojson","felt":null,"cdi":null,"mmi":null,"alert":null,"status":"automatic","tsunami":0,"sig":19,"net":"ak","code":"a2026rlpmel","ids":",aka2026rlpmel,","sources":",ak,","types":",origin,phase-data,","nst":9,"dmin":0.1,"rms":0.3,"gap":66,"magType":"ml","type":"earthquake","title":"M 1.1 - 2 km SE of Salcha, Alaska"},"geometry":{"type":"Point","coordinates":[-146.851,64.509,3.3]},"id":"aka2026rlpmel"},
{"type":"Feature","properties":{"mag":2.9,"place":"89 km SSW of Nikolski, Alaska","time":1788444155773,"updated":1788464061749,"tz":null,"url":"https://earthquake.usgs.gov/earthquakes/eventpage/aka2026rlplvh","detail":"https://earthquake.usgs.gov/earthquakes/feed/v1.0/detail/aka2026rlplvh.geojson","felt":null,"cdi":null,"mmi":null,"alert":null,"status":"reviewed","tsunami":0,"sig":129,"net":"ak","code":"a2026rlplvh","ids":",aka2026rlplvh,","sources":",ak,","types":",origin,phase-data,","nst":19,"dmin":0.7,"rms":0.5,"gap":283,"magType":"ml","type":"earthquake","title":"M 2.9 - 89 km SSW of Nikolski, Alaska"},"geometry":{"type":"Point","coordinates":[-169.275,52.175,11.7]},"id":"aka2026rlplvh"},
{"type":"Feature","properties":{"mag":1.72,"place":"3 km SE of East Valley, Nevada","time":1788443911049,"updated":1788453939852,"tz":null,"url":"https://earthquake.usgs.gov/earthquakes/eventpage/nn00924154","detail":"https://earthquake.usgs.gov/earthquakes/feed/v1.0/detail/nn00924154.geojson","felt":null,"cdi":null,"mmi":null,"alert":null,"status":"reviewed","tsunami":0,"sig":46,"net":"nn","code":"00924154","ids":",nn00924154,","sources":",nn,","types":",origin,phase-data,","nst":21,"dmin":0.051,"rms":0.1259,"gap":81,"magType":"ml","type":"earthquake","title":"M 1.7 - 3 km SE of East Valley, Nevada"},"geometry":{"type":"Point","coordinates":[-119.6718,38.9264,9.2454]},"id":"nn00924154"},
{"type":"Feature","properties":{"mag":2.9,"place":"73 km SSW of Nikolski, Alaska","time":1788443803826,"updated":1788463963660,"tz":null,"url":"https://earthquake.usgs.gov/earthquakes/eventpage/aka2026rlpgrs","detail":"https://earthquake.usgs.gov/earthquakes/feed/v1.0/detail/aka2026rlpgrs.geojson","felt":null,"cdi":null,"mmi":null,"alert":null,"status":"reviewed","tsunami":0,"sig":129,"net":"ak","code":"a2026rlpgrs","ids":",aka2026rlpgrs,","sources":",ak,","types":",origin,phase-data,","nst":17,"dmin":0.6,"rms":0.7,"gap":277,"magType":"ml","type":"earthquake","title":"M 2.9 - 73 km SSW of Nikolski, Alaska"},"geometry":{"type":"Point","coordinates":[-169.117,52.293,18.6]},"id":"aka2026rlpgrs"},
{"type":"Feature","properties":{"mag":1.5,"place":"2 km SW of Dibble, Oklahoma","time":1788443298539,"updated":1788445140489,"tz":null,"url":"https://earthquake.usgs.gov/earthquakes/eventpage/ok2026rgro","detail":"https://earthquake.usgs.gov/earthquakes/feed/v1.0/detail/ok2026rgro.geojson","felt":null,"cdi":null,"mmi":null,"alert":null,"status":"reviewed","tsunami":0,"sig":35,"net":"ok","code":"2026rgro","ids":",ok2026rgro,","sources":",ok,","types":",origin,phase-data,","nst":65,"dmin":0.1034796938,"rms":0.22,"gap":43,"magType":"ml","type":"earthquake","title":"M 1.5 - 2 km SW of Dibble, Oklahoma"},"geometry":{"type":"Point","coordinates":[-97.6465,35.01983333,7.14]},"id":"ok2026rgro"},
{"type":"Feature","properties":{"mag":1.14,"place":"18 km ESE of Julian, CA","time":1788443242890,"updated":1788448442300,"tz":null,"url":"https://earthquake.usgs.gov/earthquakes/eventpage/ci41541248","detail":"https://earthquake.usgs.gov/earthquakes/feed/v1.0/detail/ci41541248.geojson","felt":null,"cdi":null,"mmi":null,"alert":null,"status":"reviewed","tsunami":0,"sig":20,"net":"ci","code":"41541248","ids":",ci41541248,","sources":",ci,","types":",focal-mechanism,nearby-cities,origin,phase-data,","nst":45,"dmin":0.05145,"rms":0.17,"gap":42,"magType":"ml","type":"earthquake","title":"M 1.1 - 18 km ESE of Julian, CA"},"geometry":{"type":"Point","coordinates":[-116.412,33.0306666666667,8.97]},"id":"ci41541248"},
{"type":"Feature","properties":{"mag":4.8,"place":"65 km S of Isangel, Vanuatu","time":1788443230246,"updated":1788444406040,"tz":null,"url":"https://earthquake.usgs.gov/earthquakes/eventpage/us7000tdz8","detail":"https://earthquake.usgs.gov/earthquakes/feed/v1.0/detail/us7000tdz8.geojson","felt":null,"cdi":null,"mmi":null,"alert":null,"status":"reviewed","tsunami":0,"sig":354,"net":"us","code":"7000tdz8","ids":",us7000tdz8,","sources":",us,","types":",origin,phase-data,","nst":45,"dmin":3.012,"rms":1.16,"gap":86,"magType":"mb","type":"earthquake","title":"M 4.8 - 65 km S of Isangel, Vanuatu"},"geometry":{"type":"Point","coordinates":[169.3059,-20.1366,112.706]},"id":"us7000tdz8"},
{"type":"Feature","properties":{"mag":1.73,"place":"43 km E of Big Pine, California","time":1788443069040,"updated":1788454894145,"tz":null,"url":"https://earthquake.usgs.gov/earthquakes/eventpage/nn00924152","detail":"https://earthquake.usgs.gov/earthquakes/feed/v1.0/detail/nn00924152.geojson","felt":null,"cdi":null,"mmi":null,"alert":null,"status":"reviewed","tsunami":0,"sig":46,"net":"nn","code":"00924152","ids":",nn00924152,","sources":",nn,","types":",origin,phase-data,","nst":24,"dmin":0.256,"rms":0.1728,"gap":60,"magType":"ml","type":"earthquake","title":"M 1.7 - 43 km E of Big Pine, California"},"geometry":{"type":"Point","coordinates":[-117.8004,37.1519,0]},"id":"nn00924152"},
{"type":"Feature","properties":{"mag":3.4,"place":"92 km S of Nikolski, Alaska","time":1788442852882,"updated":1788448205040,"tz":null,"url":"https://earthquake.usgs.gov/earthquakes/eventpage/us7000tdzf","detail":"https://earthquake.usgs.gov/earthquakes/feed/v1.0/detail/us7000tdzf.geojson","felt":null,"cdi":null,"mmi":2.147,"alert":null,"status":"reviewed","tsunami":0,"sig":178,"net":"us","code":"7000tdzf","ids":",aka2026rloszb,us7000tdzf,","sources":",ak,us,","types":",origin,phase-data,shakemap,","nst":15,"dmin":0.757,"rms":0.56,"gap":233,"magType":"ml","type":"earthquake","title":"M 3.4 - 92 km S of Nikolski, Alaska"},"geometry":{"type":"Point","coordinates":[-169.1272,52.1248,10]},"id":"us7000tdzf"},
{"type":"Feature","properties":{"mag":2.3,"place":"44 km E of Pedro Bay, Alaska","time":1788442842857,"updated":1788443096073,"tz":null,"url":"https://earthquake.usgs.gov/earthquakes/eventpage/aka2026rlosve","detail":"https://earthquake.usgs.gov/earthquakes/feed/v1.0/detail/aka2026rlosve.geojson","felt":null,"cdi":null,"mmi":null,"alert":null,"status":"automatic","tsunami":0,"sig":81,"net":"ak","code":"a2026rlosve","ids":",aka2026rlosve,","sources":",ak,","types":",origin,phase-data,","nst":105,"dmin":0.1,"rms":0.7,"gap":53,"magType":"ml","type":"earthquake","title":"M 2.3 - 44 km E of Pedro Bay, Alaska"},"geometry":{"type":"Point","coordinates":[-153.315,59.822,128.7]},"id":"aka2026rlosve"},
{"type":"Feature","properties":{"mag":2.9,"place":"87 km S of Nikolski, Alaska","time":1788442475650,"updated":1788463848993,"tz":null,"url":"https://earthquake.usgs.gov/earthquakes/eventpage/aka2026rlomui","detail":"https://earthquake.usgs.gov/earthquakes/feed/v1.0/detail/aka2026rlomui.geojson","felt":null,"cdi":null,"mmi":null,"alert":null,"status":"reviewed","tsunami":0,"sig":129,"net":"ak","code":"a2026rlomui","ids":",aka2026rlomui,","sources":",ak,","types":",origin,phase-data,","nst":14,"dmin":0.7,"rms":0.8,"gap":292,"magType":"ml","type":"earthquake","title":"M 2.9 - 87 km S of Nikolski, Alaska"},"geometry":{"type":"Point","coordinates":[-169.067,52.164,7.2]},"id":"aka2026rlomui"},
{"type":"Feature","properties":{"mag":2.61,"place":"19 km SE of Pāhala, Hawaii","time":1788442328720,"updated":1788459076290,"tz":null,"url":"https://earthquake.usgs.gov/earthquakes/eventpage/hv75028682","detail":"https://earthquake.usgs.gov/earthquakes/feed/v1.0/detail/hv75028682.geojson","felt":null,"cdi":null,"mmi":null,"alert":null,"status":"reviewed","tsunami":0,"sig":105,"net":"hv","code":"75028682","ids":",us7000tdz1,hv75028682,","sources":",us,hv,","types":",origin,phase-data,","nst":47,"dmin":0.1346,"rms":0.13,"gap":208,"magType":"ml","type":"earthquake","title":"M 2.6 - 19 km SE of Pāhala, Hawaii"},"geometry":{"type":"Point","coordinates":[-155.353,19.0685,31.91]},"id":"hv75028682"},
{"type":"Feature","properties":{"mag":3.9,"place":"98 km SSW of Nikolski, Alaska","time":1788442037340,"updated":1788447893040,"tz":null,"url":"https://earthquake.usgs.gov/earthquakes/eventpage/us7000tdzd","detail":"https://earthquake.usgs.gov/earthquakes/feed/v1.0/detail/us7000tdzd.geojson","felt":null,"cdi":null,"mmi":2.257,"alert":null,"status":"reviewed","tsunami":0,"sig":234,"net":"us","code":"7000tdzd","ids":",aka2026rlohfh,us7000tdzd,","sources":",ak,us,","types":",origin,phase-data,shakemap,","nst":23,"dmin":0.754,"rms":0.67,"gap":181,"magType":"mb","type":"earthquake","title":"M 3.9 - 98 km SSW of Nikolski, Alaska"},"geometry":{"type":"Point","coordinates":[-169.2616,52.0887,10]},"id":"us7000tdzd"},
{"type":"Feature","properties":{"mag":1.5,"place":"93 km NW of Aleneva, Alaska","time":1788441895373,"updated":1788441976352,"tz":null,"url":"https://earthquake.usgs.gov/earthquakes/eventpage/aka2026rlofdr","detail":"https://earthquake.usgs.gov/earthquakes/feed/v1.0/detail/aka2026rlofdr.geojson","felt":null,"cdi":null,"mmi":null,"alert":null,"status":"automatic","tsunami":0,"sig":35,"net":"ak","code":"a2026rlofdr","ids":",aka2026rlofdr,","sources":",ak,","types":",origin,phase-data,","nst":27,"dmin":0.2,"rms":0.4,"gap":52,"magType":"ml","type":"earthquake","title":"M 1.5 - 93 km NW of Aleneva, Alaska"},"geometry":{"type":"Point","coordinates":[-153.869,58.735,98.5]},"id":"aka2026rlofdr"},
{"type":"Feature","properties":{"mag":3.6,"place":"94 km SSW of Nikolski, Alaska","time":1788441625974,"updated":1788447257040,"tz":null,"url":"https://earthquake.usgs.gov/earthquakes/eventpage/us7000tdzc","detail":"https://earthquake.usgs.gov/earthquakes/feed/v1.0/detail/us7000tdzc.geojson","felt":null,"cdi":null,"mmi":2.195,"alert":null,"status":"reviewed","tsunami":0,"sig":199,"net":"us","code":"7000tdzc","ids":",aka2026rlobff,us7000tdzc,","sources":",ak,us,","types":",origin,phase-data,shakemap,","nst":20,"dmin":0.685,"rms":0.48,"gap":224,"magType":"ml","type":"earthquake","title":"M 3.6 - 94 km SSW of Nikolski, Alaska"},"geometry":{"type":"Point","coordinates":[-169.3422,52.1435,10]},"id":"us7000tdzc"},
{"type":"Feature","properties":{"mag":0.36,"place":"57 km SSW of Skwentna, Alaska","time":1788441571880,"updated":1788483875440,"tz":null,"url":"https://earthquake.usgs.gov/earthquakes/eventpage/av94415168","detail":"https://earthquake.usgs.gov/earthquakes/feed/v1.0/detail/av94415168.geojson","felt":null,"cdi":null,"mmi":null,"alert":null,"status":"reviewed","tsunami":0,"sig":2,"net":"av","code":"94415168","ids":",av94415168,","sources":",av,","types":",origin,phase-data,","nst":7,"dmin":0.05514,"rms":0.1,"gap":252,"magType":"ml","type":"earthquake","title":"M 0.4 - 57 km SSW of Skwentna, Alaska"},"geometry":{"type":"Point","coordinates":[-151.911166666667,61.5393333333333,12.55]},"id":"av94415168"},
{"type":"Feature","properties":{"mag":1.44,"place":"16 km WSW of Johannesburg, CA","time":1788441318790,"updated":1788448375449,"tz":null,"url":"https://earthquake.usgs.gov/earthquakes/eventpage/ci41541240","detail":"https://earthquake.usgs.gov/earthquakes/feed/v1.0/detail/ci41541240.geojson","felt":null,"cdi":null,"mmi":null,"alert":null,"status":"reviewed","tsunami":0,"sig":32,"net":"ci","code":"41541240","ids":",ci41541240,","sources":",ci,","types":",nearby-cities,origin,phase-data,scitech-link,","nst":38,"dmin":0.07114,"rms":0.19,"gap":53,"magType":"ml","type":"earthquake","title":"M 1.4 - 16 km WSW of Johannesburg, CA"},"geometry":{"type":"Point","coordinates":[-117.802666666667,35.3293333333333,6.12]},"id":"ci41541240"},
{"type":"Feature","properties":{"mag":0.4,"place":"34 km ENE of McKinney Acres, Texas","time":1788440846485,"updated":1788459973632,"tz":null,"url":"https://earthquake.usgs.gov/earthquakes/eventpage/tx2026ritaeo","detail":"https://earthquake.usgs.gov/earthquakes/feed/v1.0/detail/tx2026ritaeo.geojson","felt":null,"cdi":null,"mmi":null,"alert":null,"status":"reviewed","tsunami":0,"sig":2,"net":"tx","code":"2026ritaeo","ids":",tx2026ritaeo,","sources":",tx,","types":",origin,phase-data,","nst":12,"dmin":0,"rms":0.1,"gap":77,"magType":"ml","type":"earthquake","title":"M 0.4 - 34 km ENE of McKinney Acres, Texas"},"geometry":{"type":"Point","coordinates":[-102.173,32.365,9.0088]},"id":"tx2026ritaeo"},
{"type":"Feature","properties":{"mag":0.9,"place":"11 km ENE of Stanton, Texas","time":1788440771292,"updated":1788460030600,"tz":null,"url":"https://earthquake.usgs.gov/earthquakes/eventpage/tx2026riszdv","detail":"https://earthquake.usgs.gov/earthquakes/feed/v1.0/detail/tx2026riszdv.geojson","felt":null,"cdi":null,"mmi":null,"alert":null,"status":"reviewed","tsunami":0,"sig":12,"net":"tx","code":"2026riszdv","ids":",tx2026riszdv,","sources":",tx,","types":",origin,phase-data,","nst":19,"dmin":0,"rms":0.1,"gap":44,"magType":"ml","type":"earthquake","title":"M 0.9 - 11 km ENE of Stanton, Texas"},"geometry":{"type":"Point","coordinates":[-101.684,32.174,8.96]},"id":"tx2026riszdv"},
{"type":"Feature","properties":{"mag":5.2,"place":"100 km SSW of Nikolski, Alaska","time":1788440598659,"updated":1788441957040,"tz":null,"url":"https://earthquake.usgs.gov/earthquakes/eventpage/us7000tdys","detail":"https://earthquake.usgs.gov/earthquakes/feed/v1.0/detail/us7000tdys.geojson","felt":null,"cdi":null,"mmi":2.996,"alert":null,"status":"reviewed","tsunami":1,"sig":416,"net":"us","code":"7000tdys","ids":",attkshll,aka2026rlnnhn,us7000tdys,","sources":",at,ak,us,","types":",impact-link,origin,phase-data,shakemap,","nst":98,"dmin":0.799,"rms":1.46,"gap":138,"magType":"mb","type":"earthquake","title":"M 5.2 - 100 km SSW of Nikolski, Alaska"},"geometry":{"type":"Point","coordinates":[-169.1988,52.0562,10]},"id":"us7000tdys"},
{"type":"Feature","properties":{"mag":3.9,"place":"97 km SSW of Nikolski, Alaska","time":1788440508110,"updated":1788463750214,"tz":null,"url":"https://earthquake.usgs.gov/earthquakes/eventpage/aka2026rlnlbg","detail":"https://earthquake.usgs.gov/earthquakes/feed/v1.0/detail/aka2026rlnlbg.geojson","felt":null,"cdi":null,"mmi":2.413,"alert":null,"status":"reviewed","tsunami":0,"sig":234,"net":"ak","code":"a2026rlnlbg","ids":",aka2026rlnlbg,","sources":",ak,","types":",origin,phase-data,shakemap,","nst":20,"dmin":0.8,"rms":0.5,"gap":288,"magType":"ml","type":"earthquake","title":"M 3.9 - 97 km SSW of Nikolski, Alaska"},"geometry":{"type":"Point","coordinates":[-169.16,52.078,1.7]},"id":"aka2026rlnlbg"},
{"type":"Feature","properties":{"mag":3.1,"place":"86 km SSW of Nikolski, Alaska","time":1788440305333,"updated":1788463540780,"tz":null,"url":"https://earthquake.usgs.gov/earthquakes/eventpage/aka2026rlnihs","detail":"https://earthquake.usgs.gov/earthquakes/feed/v1.0/detail/aka2026rlnihs.geojson","felt":null,"cdi":null,"mmi":null,"alert":null,"status":"reviewed","tsunami":0,"sig":148,"net":"ak","code":"a2026rlnihs","ids":",aka2026rlnihs,","sources":",ak,","types":",origin,phase-data,","nst":22,"dmin":0.6,"rms":0.6,"gap":224,"magType":"ml","type":"earthquake","title":"M 3.1 - 86 km SSW of Nikolski, Alaska"},"geometry":{"type":"Point","coordinates":[-169.275,52.203,9.7]},"id":"aka2026rlnihs"},
{"type":"Feature","properties":{"mag":3,"place":"82 km SSW of Nikolski, Alaska","time":1788439702222,"updated":1788463481921,"tz":null,"url":"https://earthquake.usgs.gov/earthquakes/eventpage/aka2026rlmzmf","detail":"https://earthquake.usgs.gov/earthquakes/feed/v1.0/detail/aka2026rlmzmf.geojson","felt":null,"cdi":null,"mmi":null,"alert":null,"status":"reviewed","tsunami":0,"sig":138,"net":"ak","code":"a2026rlmzmf","ids":",aka2026rlmzmf,","sources":",ak,","types":",origin,phase-data,","nst":19,"dmin":0.7,"rms":0.9,"gap":278,"magType":"ml","type":"earthquake","title":"M 3.0 - 82 km SSW of Nikolski, Alaska"},"geometry":{"type":"Point","coordinates":[-169.18,52.221,11.9]},"id":"aka2026rlmzmf"},
{"type":"Feature","properties":{"mag":4.9,"place":"90 km SSW of Nikolski, Alaska","time":1788439174756,"updated":1788443042758,"tz":null,"url":"https://earthquake.usgs.gov/earthquakes/eventpage/us7000tdyi","detail":"https://earthquake.usgs.gov/earthquakes/feed/v1.0/detail/us7000tdyi.geojson","felt":2,"cdi":2.1,"mmi":3.057,"alert":null,"status":"reviewed","tsunami":0,"sig":370,"net":"us","code":"7000tdyi","ids":",aka2026rlmrvm,us7000tdyi,","sources":",ak,us,","types":",dyfi,origin,phase-data,shakemap,","nst":103,"dmin":0.542,"rms":1.15,"gap":132,"magType":"mb","type":"earthquake","title":"M 4.9 - 90 km SSW of Nikolski, Alaska"},"geometry":{"type":"Point","coordinates":[-169.579,52.253,44.444]},"id":"us7000tdyi"},
{"type":"Feature","properties":{"mag":1.07,"place":"2 km ENE of The Geysers, CA","time":1788438883530,"updated":1788438980249,"tz":null,"url":"https://earthquake.usgs.gov/earthquakes/eventpage/nc75429192","detail":"https://earthquake.usgs.gov/earthquakes/feed/v1.0/detail/nc75429192.geojson","felt":null,"cdi":null,"mmi":null,"alert":null,"status":"automatic","tsunami":0,"sig":18,"net":"nc","code":"75429192","ids":",nc75429192,","sources":",nc,","types":",nearby-cities,origin,phase-data,","nst":13,"dmin":0.002812,"rms":0.01,"gap":83,"magType":"md","type":"earthquake","title":"M 1.1 - 2 km ENE of The Geysers, CA"},"geometry":{"type":"Point","coordinates":[-122.733329772949,38.7841682434082,1.70000004768372]},"id":"nc75429192"},
{"type":"Feature","properties":{"mag":1.36,"place":"2 km N of The Geysers, CA","time":1788438757930,"updated":1788445340605,"tz":null,"url":"https://earthquake.usgs.gov/earthquakes/eventpage/nc75429182","detail":"https://earthquake.usgs.gov/earthquakes/feed/v1.0/detail/nc75429182.geojson","felt":null,"cdi":null,"mmi":null,"alert":null,"status":"automatic","tsunami":0,"sig":28,"net":"nc","code":"75429182","ids":",nc75429182,","sources":",nc,","types":",nearby-cities,origin,phase-data,scitech-link,","nst":10,"dmin":0.008785,"rms":0.03,"gap":70,"magType":"md","type":"earthquake","title":"M 1.4 - 2 km N of The Geysers, CA"},"geometry":{"type":"Point","coordinates":[-122.759330749512,38.7918319702148,2.1800000667572]},"id":"nc75429182"},
{"type":"Feature","properties":{"mag":0.76,"place":"19 km ESE of Julian, CA","time":1788438747980,"updated":1788448404370,"tz":null,"url":"https://earthquake.usgs.gov/earthquakes/eventpage/ci41541232","detail":"https://earthquake.usgs.gov/earthquakes/feed/v1.0/detail/ci41541232.geojson","felt":null,"cdi":null,"mmi":null,"alert":null,"status":"reviewed","tsunami":0,"sig":9,"net":"ci","code":"41541232","ids":",ci41541232,","sources":",ci,","types":",nearby-cities,origin,phase-data,","nst":22,"dmin":0.05247,"rms":0.15,"gap":73,"magType":"ml","type":"earthquake","title":"M 0.8 - 19 km ESE of Julian, CA"},"geometry":{"type":"Point","coordinates":[-116.4045,33.033,8.79]},"id":"ci41541232"},
{"type":"Feature","properties":{"mag":2.9,"place":"82 km SSW of Nikolski, Alaska","time":1788438292815,"updated":1788463409909,"tz":null,"url":"https://earthquake.usgs.gov/earthquakes/eventpage/aka2026rlmfcq","detail":"https://earthquake.usgs.gov/earthquakes/feed/v1.0/detail/aka2026rlmfcq.geojson","felt":null,"cdi":null,"mmi":null,"alert":null,"status":"reviewed","tsunami":0,"sig":129,"net":"ak","code":"a2026rlmfcq","ids":",aka2026rlmfcq,","sources":",ak,","types":",origin,phase-data,","nst":17,"dmin":0.6,"rms":0.8,"gap":279,"magType":"ml","type":"earthquake","title":"M 2.9 - 82 km SSW of Nikolski, Alaska"},"geometry":{"type":"Point","coordinates":[-169.242,52.231,10.6]},"id":"aka2026rlmfcq"},
{"type":"Feature","properties":{"mag":3.1,"place":"101 km SSW of Nikolski, Alaska","time":1788437738492,"updated":1788463345814,"tz":null,"url":"https://earthquake.usgs.gov/earthquakes/eventpage/aka2026rllxdm","detail":"https://earthquake.usgs.gov/earthquakes/feed/v1.0/detail/aka2026rllxdm.geojson","felt":null,"cdi":null,"mmi":null,"alert":null,"status":"reviewed","tsunami":0,"sig":148,"net":"ak","code":"a2026rllxdm","ids":",aka2026rllxdm,","sources":",ak,","types":",origin,phase-data,","nst":17,"dmin":0.8,"rms":0.5,"gap":293,"magType":"ml","type":"earthquake","title":"M 3.1 - 101 km SSW of Nikolski, Alaska"},"geometry":{"type":"Point","coordinates":[-169.338,52.072,23.3]},"id":"aka2026rllxdm"},
{"type":"Feature","properties":{"mag":-0.04,"place":"12 km W of Anza, CA","time":1788437480250,"updated":1788448416347,"tz":null,"url":"https://earthquake.usgs.gov/earthquakes/eventpage/ci41541224","detail":"https://earthquake.usgs.gov/earthquakes/feed/v1.0/detail/ci41541224.geojson","felt":null,"cdi":null,"mmi":null,"alert":null,"status":"reviewed","tsunami":0,"sig":0,"net":"ci","code":"41541224","ids":",ci41541224,","sources":",ci,","types":",nearby-cities,origin,phase-data,","nst":16,"dmin":0.03936,"rms":0.14,"gap":68,"magType":"ml","type":"earthquake","title":"M 0.0 - 12 km W of Anza, CA"},"geometry":{"type":"Point","coordinates":[-116.8015,33.5696666666667,5.14]},"id":"ci41541224"},
{"type":"Feature","properties":{"mag":-0.85,"place":"63 km ENE of Pedro Bay, Alaska","time":1788437315930,"updated":1788482374060,"tz":null,"url":"https://earthquake.usgs.gov/earthquakes/eventpage/av94415073","detail":"https://earthquake.usgs.gov/earthquakes/feed/v1.0/detail/av94415073.geojson","felt":null,"cdi":null,"mmi":null,"alert":null,"status":"reviewed","tsunami":0,"sig":0,"net":"av","code":"94415073","ids":",av94415073,","sources":",av,","types":",origin,phase-data,","nst":5,"dmin":0.02177,"rms":0.12,"gap":96,"magType":"ml","type":"earthquake","title":"M -0.9 - 63 km ENE of Pedro Bay, Alaska"},"geometry":{"type":"Point","coordinates":[-153.061833333333,60.016,-0.03]},"id":"av94415073"},
{"type":"Feature","properties":{"mag":2.8,"place":"86 km SSW of Nikolski, Alaska","time":1788437223482,"updated":1788463276882,"tz":null,"url":"https://earthquake.usgs.gov/earthquakes/eventpage/aka2026rllpqw","detail":"https://earthquake.usgs.gov/earthquakes/feed/v1.0/detail/aka2026rllpqw.geojson","felt":null,"cdi":null,"mmi":null,"alert":null,"status":"reviewed","tsunami":0,"sig":121,"net":"ak","code":"a2026rllpqw","ids":",aka2026rllpqw,","sources":",ak,","types":",origin,phase-data,","nst":13,"dmin":0.7,"rms":0.8,"gap":284,"magType":"ml","type":"earthquake","title":"M 2.8 - 86 km SSW of Nikolski, Alaska"},"geometry":{"type":"Point","coordinates":[-169.124,52.181,10.2]},"id":"aka2026rllpqw"},
{"type":"Feature","properties":{"mag":-0.14,"place":"58 km NNE of Chignik, Alaska","time":1788437151320,"updated":1788482854560,"tz":null,"url":"https://earthquake.usgs.gov/earthquakes/eventpage/av93066519","detail":"https://earthquake.usgs.gov/earthquakes/feed/v1.0/detail/av93066519.geojson","felt":null,"cdi":null,"mmi":null,"alert":null,"status":"reviewed","tsunami":0,"sig":0,"net":"av","code":"93066519","ids":",av93066519,","sources":",av,","types":",origin,phase-data,","nst":4,"dmin":0.04241,"rms":0.2,"gap":309,"magType":"ml","type":"earthquake","title":"M -0.1 - 58 km NNE of Chignik, Alaska"},"geometry":{"type":"Point","coordinates":[-158.167166666667,56.8043333333333,8.66]},"id":"av93066519"},
{"type":"Feature","properties":{"mag":1.1,"place":"2 km N of The Geysers, CA","time":1788436786420,"updated":1788443841418,"tz":null,"url":"https://earthquake.usgs.gov/earthquakes/eventpage/nc75429177","detail":"https://earthquake.usgs.gov/earthquakes/feed/v1.0/detail/nc75429177.geojson","felt":null,"cdi":null,"mmi":null,"alert":null,"status":"automatic","tsunami":0,"sig":19,"net":"nc","code":"75429177","ids":",nc75429177,","sources":",nc,","types":",nearby-cities,origin,phase-data,scitech-link,","nst":14,"dmin":0.01074,"rms":0.02,"gap":85,"magType":"md","type":"earthquake","title":"M 1.1 - 2 km N of The Geysers, CA"},"geometry":{"type":"Point","coordinates":[-122.75316619873,38.7911682128906,3.36999988555908]},"id":"nc75429177"},
{"type":"Feature","properties":{"mag":1.64,"place":"2 km SSW of Pāhala, Hawaii","time":1788436537160,"updated":1788469583020,"tz":null,"url":"https://earthquake.usgs.gov/earthquakes/eventpage/hv75028652","detail":"https://earthquake.usgs.gov/earthquakes/feed/v1.0/detail/hv75028652.geojson","felt":null,"cdi":null,"mmi":null,"alert":null,"status":"reviewed","tsunami":0,"sig":41,"net":"hv","code":"75028652","ids":",hv75028652,","sources":",hv,","types":",origin,phase-data,","nst":26,"dmin":0.03904,"rms":0.11,"gap":133,"magType":"ml","type":"earthquake","title":"M 1.6 - 2 km SSW of Pāhala, Hawaii"},"geometry":{"type":"Point","coordinates":[-155.491833333333,19.1826666666667,29.9]},"id":"hv75028652"},
{"type":"Feature","properties":{"mag":3.6,"place":"87 km SSW of Nikolski, Alaska","time":1788436389097,"updated":1788438459429,"tz":null,"url":"https://earthquake.usgs.gov/earthquakes/eventpage/aka2026rlldph","detail":"https://earthquake.usgs.gov/earthquakes/feed/v1.0/detail/aka2026rlldph.geojson","felt":null,"cdi":null,"mmi":1.7,"alert":null,"status":"reviewed","tsunami":0,"sig":199,"net":"ak","code":"a2026rlldph","ids":",aka2026rlldph,","sources":",ak,","types":",origin,phase-data,shakemap,","nst":23,"dmin":0.7,"rms":0.5,"gap":224,"magType":"ml","type":"earthquake","title":"M 3.6 - 87 km SSW of Nikolski, Alaska"},"geometry":{"type":"Point","coordinates":[-169.25,52.186,11.1]},"id":"aka2026rlldph"},
{"type":"Feature","properties":{"mag":2,"place":"54 km S of Whites City, New Mexico","time":1788435897210,"updated":1788446663512,"tz":null,"url":"https://earthquake.usgs.gov/earthquakes/eventpage/tx2026riqgxk","detail":"https://earthquake.usgs.gov/earthquakes/feed/v1.0/detail/tx2026riqgxk.geojson","felt":null,"cdi":null,"mmi":null,"alert":null,"status":"reviewed","tsunami":0,"sig":62,"net":"tx","code":"2026riqgxk","ids":",tx2026riqgxk,","sources":",tx,","types":",origin,phase-data,","nst":48,"dmin":0,"rms":0.2,"gap":65,"magType":"ml","type":"earthquake","title":"M 2.0 - 54 km S of Whites City, New Mexico"},"geometry":{"type":"Point","coordinates":[-104.416,31.682,7.1252]},"id":"tx2026riqgxk"},
{"type":"Feature","properties":{"mag":5.4,"place":"21 km WNW of Jiangyou, China","time":1788435581981,"updated":1788473311886,"tz":null,"url":"https://earthquake.usgs.gov/earthquakes/eventpage/us7000tdw6","detail":"https://earthquake.usgs.gov/earthquakes/feed/v1.0/detail/us7000tdw6.geojson","felt":6,"cdi":3.1,"mmi":5.885,"alert":"yellow","status":"reviewed","tsunami":0,"sig":652,"net":"us","code":"7000tdw6","ids":",us7000tdw6,","sources":",us,","types":",dyfi,ground-failure,losspager,origin,phase-data,shakemap,","nst":89,"dmin":4.155,"rms":0.81,"gap":26,"magType":"mb","type":"earthquake","title":"M 5.4 - 21 km WNW of Jiangyou, China"},"geometry":{"type":"Point","coordinates":[104.5066,31.8458,10]},"id":"us7000tdw6"},
{"type":"Feature","properties":{"mag":4.9,"place":"81 km SW of Nikolski, Alaska","time":1788435581682,"updated":1788438335871,"tz":null,"url":"https://earthquake.usgs.gov/earthquakes/eventpage/us7000tdw5","detail":"https://earthquake.usgs.gov/earthquakes/feed/v1.0/detail/us7000tdw5.geojson","felt":null,"cdi":null,"mmi":2.758,"alert":null,"status":"reviewed","tsunami":0,"sig":369,"net":"us","code":"7000tdw5","ids":",aka2026rlksco,us7000tdw5,","sources":",ak,us,","types":",origin,phase-data,shakemap,","nst":63,"dmin":0.761,"rms":1.01,"gap":177,"magType":"mb","type":"earthquake","title":"M 4.9 - 81 km SW of Nikolski, Alaska"},"geometry":{"type":"Point","coordinates":[-169.5607,52.3458,35]},"id":"us7000tdw5"},
{"type":"Feature","properties":{"mag":3.4,"place":"89 km SSW of Nikolski, Alaska","time":1788435533495,"updated":1788438167439,"tz":null,"url":"https://earthquake.usgs.gov/earthquakes/eventpage/aka2026rlkrhx","detail":"https://earthquake.usgs.gov/earthquakes/feed/v1.0/detail/aka2026rlkrhx.geojson","felt":null,"cdi":null,"mmi":2.017,"alert":null,"status":"reviewed","tsunami":0,"sig":178,"net":"ak","code":"a2026rlkrhx","ids":",aka2026rlkrhx,","sources":",ak,","types":",origin,phase-data,shakemap,","nst":20,"dmin":0.7,"rms":0.4,"gap":284,"magType":"ml","type":"earthquake","title":"M 3.4 - 89 km SSW of Nikolski, Alaska"},"geometry":{"type":"Point","coordinates":[-169.168,52.156,4]},"id":"aka2026rlkrhx"},
{"type":"Feature","properties":{"mag":3.3,"place":"48 km NE of Chase, Alaska","time":1788435482063,"updated":1788436003649,"tz":null,"url":"https://earthquake.usgs.gov/earthquakes/eventpage/aka2026rlkqil","detail":"https://earthquake.usgs.gov/earthquakes/feed/v1.0/detail/aka2026rlkqil.geojson","felt":null,"cdi":null,"mmi":null,"alert":null,"status":"automatic","tsunami":0,"sig":168,"net":"ak","code":"a2026rlkqil","ids":",aka2026rlkqil,","sources":",ak,","types":",origin,phase-data,","nst":169,"dmin":0.3,"rms":1.1,"gap":20,"magType":"ml","type":"earthquake","title":"M 3.3 - 48 km NE of Chase, Alaska"},"geometry":{"type":"Point","coordinates":[-149.476,62.772,72.1]},"id":"aka2026rlkqil"},
{"type":"Feature","properties":{"mag":3.1,"place":"97 km SSW of Nikolski, Alaska","time":1788435477195,"updated":1788463184978,"tz":null,"url":"https://earthquake.usgs.gov/earthquakes/eventpage/aka2026rlkqmx","detail":"https://earthquake.usgs.gov/earthquakes/feed/v1.0/detail/aka2026rlkqmx.geojson","felt":null,"cdi":null,"mmi":null,"alert":null,"status":"reviewed","tsunami":0,"sig":148,"net":"ak","code":"a2026rlkqmx","ids":",aka2026rlkqmx,","sources":",ak,","types":",origin,phase-data,","nst":15,"dmin":0.7,"rms":0.3,"gap":290,"magType":"ml","type":"earthquake","title":"M 3.1 - 97 km SSW of Nikolski, Alaska"},"geometry":{"type":"Point","coordinates":[-169.27,52.099,12.8]},"id":"aka2026rlkqmx"},
{"type":"Feature","properties":{"mag":1.31,"place":"5 km NW of The Geysers, CA","time":1788435460460,"updated":1788442043197,"tz":null,"url":"https://earthquake.usgs.gov/earthquakes/eventpage/nc75429172","detail":"https://earthquake.usgs.gov/earthquakes/feed/v1.0/detail/nc75429172.geojson","felt":null,"cdi":null,"mmi":null,"alert":null,"status":"automatic","tsunami":0,"sig":26,"net":"nc","code":"75429172","ids":",nc75429172,","sources":",nc,","types":",focal-mechanism,nearby-cities,origin,phase-data,scitech-link,","nst":27,"dmin":0.01286,"rms":0.02,"gap":44,"magType":"md","type":"earthquake","title":"M 1.3 - 5 km NW of The Geysers, CA"},"geometry":{"type":"Point","coordinates":[-122.797164916992,38.8038330078125,3.54999995231628]},"id":"nc75429172"},
{"type":"Feature","properties":{"mag":4.8,"place":"12 km E of Venustiano Carranza (Peña Blanca), Mexico","time":1788435232747,"updated":1788435964040,"tz":null,"url":"https://earthquake.usgs.gov/earthquakes/eventpage/us7000tdw2","detail":"https://earthquake.usgs.gov/earthquakes/feed/v1.0/detail/us7000tdw2.geojson","felt":null,"cdi":null,"mmi":null,"alert":null,"status":"reviewed","tsunami":0,"sig":354,"net":"us","code":"7000tdw2","ids":",us7000tdw2,","sources":",us,","types":",origin,phase-data,","nst":60,"dmin":2.752,"rms":1.34,"gap":122,"magType":"mb","type":"earthquake","title":"M 4.8 - 12 km E of Venustiano Carranza (Peña Blanca), Mexico"},"geometry":{"type":"Point","coordinates":[-94.6336,17.6542,158.984]},"id":"us7000tdw2"},
{"type":"Feature","properties":{"mag":3.8,"place":"89 km SSW of Nikolski, Alaska","time":1788435202825,"updated":1788437962889,"tz":null,"url":"https://earthquake.usgs.gov/earthquakes/eventpage/aka2026rlkmhs","detail":"https://earthquake.usgs.gov/earthquakes/feed/v1.0/detail/aka2026rlkmhs.geojson","felt":null,"cdi":null,"mmi":1.911,"alert":null,"status":"reviewed","tsunami":0,"sig":222,"net":"ak","code":"a2026rlkmhs","ids":",aka2026rlkmhs,","sources":",ak,","types":",origin,phase-data,shakemap,","nst":36,"dmin":0.7,"rms":0.8,"gap":220,"magType":"ml","type":"earthquake","title":"M 3.8 - 89 km SSW of Nikolski, Alaska"},"geometry":{"type":"Point","coordinates":[-169.219,52.168,12.9]},"id":"aka2026rlkmhs"},
{"type":"Feature","properties":{"mag":3.4,"place":"102 km SSW of Nikolski, Alaska","time":1788434984354,"updated":1788462938473,"tz":null,"url":"https://earthquake.usgs.gov/earthquakes/eventpage/aka2026rlkjhn","detail":"https://earthquake.usgs.gov/earthquakes/feed/v1.0/detail/aka2026rlkjhn.geojson","felt":null,"cdi":null,"mmi":null,"alert":null,"status":"reviewed","tsunami":0,"sig":178,"net":"ak","code":"a2026rlkjhn","ids":",aka2026rlkjhn,","sources":",ak,","types":",origin,phase-data,","nst":14,"dmin":0.8,"rms":0.6,"gap":292,"magType":"ml","type":"earthquake","title":"M 3.4 - 102 km SSW of Nikolski, Alaska"},"geometry":{"type":"Point","coordinates":[-169.27,52.049,13.1]},"id":"aka2026rlkjhn"},
{"type":"Feature","properties":{"mag":1.32,"place":"16 km NE of Milford, Utah","time":1788434959130,"updated":1788457471610,"tz":null,"url":"https://earthquake.usgs.gov/earthquakes/eventpage/uu80153761","detail":"https://earthquake.usgs.gov/earthquakes/feed/v1.0/detail/uu80153761.geojson","felt":null,"cdi":null,"mmi":null,"alert":null,"status":"reviewed","tsunami":0,"sig":27,"net":"uu","code":"80153761","ids":",uu80153761,","sources":",uu,","types":",origin,phase-data,","nst":10,"dmin":0.004804,"rms":0.06,"gap":99,"magType":"md","type":"earthquake","title":"M 1.3 - 16 km NE of Milford, Utah"},"geometry":{"type":"Point","coordinates":[-112.8895,38.5058333333333,2.08]},"id":"uu80153761"},
{"type":"Feature","properties":{"mag":3.4,"place":"104 km SSW of Nikolski, Alaska","time":1788434922898,"updated":1788462788486,"tz":null,"url":"https://earthquake.usgs.gov/earthquakes/eventpage/aka2026rlkijp","detail":"https://earthquake.usgs.gov/earthquakes/feed/v1.0/detail/aka2026rlkijp.geojson","felt":null,"cdi":null,"mmi":null,"alert":null,"status":"reviewed","tsunami":0,"sig":178,"net":"ak","code":"a2026rlkijp","ids":",aka2026rlkijp,","sources":",ak,","types":",origin,phase-data,","nst":10,"dmin":0.8,"rms":0.4,"gap":303,"magType":"ml","type":"earthquake","title":"M 3.4 - 104 km SSW of Nikolski, Alaska"},"geometry":{"type":"Point","coordinates":[-169.243,52.028,19.8]},"id":"aka2026rlkijp"},
{"type":"Feature","properties":{"mag":5.2,"place":"97 km SSW of Nikolski, Alaska","time":1788434695479,"updated":1788438256040,"tz":null,"url":"https://earthquake.usgs.gov/earthquakes/eventpage/us7000tdy7","detail":"https://earthquake.usgs.gov/earthquakes/feed/v1.0/detail/us7000tdy7.geojson","felt":null,"cdi":null,"mmi":2.962,"alert":null,"status":"reviewed","tsunami":0,"sig":416,"net":"us","code":"7000tdy7","ids":",aka2026rlkfau,us7000tdy7,","sources":",ak,us,","types":",origin,phase-data,shakemap,","nst":60,"dmin":0.682,"rms":1.17,"gap":111,"magType":"mb","type":"earthquake","title":"M 5.2 - 97 km SSW of Nikolski, Alaska"},"geometry":{"type":"Point","coordinates":[-169.4182,52.1321,45.17]},"id":"us7000tdy7"},
{"type":"Feature","properties":{"mag":4.2,"place":"83 km SSW of Nikolski, Alaska","time":1788434564654,"updated":1788437262130,"tz":null,"url":"https://earthquake.usgs.gov/earthquakes/eventpage/aka2026rlkdfo","detail":"https://earthquake.usgs.gov/earthquakes/feed/v1.0/detail/aka2026rlkdfo.geojson","felt":null,"cdi":null,"mmi":2.768,"alert":null,"status":"reviewed","tsunami":0,"sig":271,"net":"ak","code":"a2026rlkdfo","ids":",aka2026rlkdfo,","sources":",ak,","types":",origin,phase-data,shakemap,","nst":36,"dmin":0.6,"rms":0.7,"gap":221,"magType":"ml","type":"earthquake","title":"M 4.2 - 83 km SSW of Nikolski, Alaska"},"geometry":{"type":"Point","coordinates":[-169.355,52.25,17.4]},"id":"aka2026rlkdfo"},
{"type":"Feature","properties":{"mag":6.3,"place":"84 km SSW of Nikolski, Alaska","time":1788434244056,"updated":1788499654166,"tz":null,"url":"https://earthquake.usgs.gov/earthquakes/eventpage/us7000tdvt","detail":"https://earthquake.usgs.gov/earthquakes/feed/v1.0/detail/us7000tdvt.geojson","felt":3,"cdi":5,"mmi":3.85,"alert":"green","status":"reviewed","tsunami":1,"sig":612,"net":"us","code":"7000tdvt","ids":",attkscoz,aka2026rljynh,us7000tdvt,","sources":",at,ak,us,","types":",dyfi,event-sequence,ground-failure,impact-link,losspager,moment-tensor,oaf,origin,phase-data,shakemap,","nst":136,"dmin":0.563,"rms":1.28,"gap":59,"magType":"mww","type":"earthquake","title":"M 6.3 - 84 km SSW of Nikolski, Alaska"},"geometry":{"type":"Point","coordinates":[-169.4088,52.2579,35]},"id":"us7000tdvt"},
{"type":"Feature","properties":{"mag":2.1,"place":"53 km SSW of Whites City, New Mexico","time":1788434220401,"updated":1788446180193,"tz":null,"url":"https://earthquake.usgs.gov/earthquakes/eventpage/tx2026ripicr","detail":"https://earthquake.usgs.gov/earthquakes/feed/v1.0/detail/tx2026ripicr.geojson","felt":null,"cdi":null,"mmi":null,"alert":null,"status":"reviewed","tsunami":0,"sig":68,"net":"tx","code":"2026ripicr","ids":",tx2026ripicr,","sources":",tx,","types":",origin,phase-data,","nst":45,"dmin":0,"rms":0.2,"gap":66,"magType":"ml","type":"earthquake","title":"M 2.1 - 53 km SSW of Whites City, New Mexico"},"geometry":{"type":"Point","coordinates":[-104.52,31.711,6.1127]},"id":"tx2026ripicr"},
{"type":"Feature","properties":{"mag":0.97,"place":"13 km NNW of Borrego Springs, CA","time":1788434026880,"updated":1788448430330,"tz":null,"url":"https://earthquake.usgs.gov/earthquakes/eventpage/ci41541216","detail":"https://earthquake.usgs.gov/earthquakes/feed/v1.0/detail/ci41541216.geojson","felt":null,"cdi":null,"mmi":null,"alert":null,"status":"reviewed","tsunami":0,"sig":14,"net":"ci","code":"41541216","ids":",ci41541216,","sources":",ci,","types":",focal-mechanism,nearby-cities,origin,phase-data,","nst":57,"dmin":0.05166,"rms":0.19,"gap":32,"magType":"ml","type":"earthquake","title":"M 1.0 - 13 km NNW of Borrego Springs, CA"},"geometry":{"type":"Point","coordinates":[-116.404166666667,33.3681666666667,10.86]},"id":"ci41541216"},
{"type":"Feature","properties":{"mag":2.1,"place":"70 km ENE of Pedro Bay, Alaska","time":1788433829162,"updated":1788434117045,"tz":null,"url":"https://earthquake.usgs.gov/earthquakes/eventpage/aka2026rljspc","detail":"https://earthquake.usgs.gov/earthquakes/feed/v1.0/detail/aka2026rljspc.geojson","felt":null,"cdi":null,"mmi":null,"alert":null,"status":"automatic","tsunami":0,"sig":68,"net":"ak","code":"a2026rljspc","ids":",aka2026rljspc,","sources":",ak,","types":",origin,phase-data,","nst":77,"dmin":0,"rms":0.5,"gap":59,"magType":"ml","type":"earthquake","title":"M 2.1 - 70 km ENE of Pedro Bay, Alaska"},"geometry":{"type":"Point","coordinates":[-152.999,60.092,128.6]},"id":"aka2026rljspc"},
{"type":"Feature","properties":{"mag":0.86,"place":"11 km NW of The Geysers, CA","time":1788433562670,"updated":1788433661553,"tz":null,"url":"https://earthquake.usgs.gov/earthquakes/eventpage/nc75429162","detail":"https://earthquake.usgs.gov/earthquakes/feed/v1.0/detail/nc75429162.geojson","felt":null,"cdi":null,"mmi":null,"alert":null,"status":"automatic","tsunami":0,"sig":11,"net":"nc","code":"75429162","ids":",nc75429162,","sources":",nc,","types":",nearby-cities,origin,phase-data,","nst":13,"dmin":0.01367,"rms":0.04,"gap":107,"magType":"md","type":"earthquake","title":"M 0.9 - 11 km NW of The Geysers, CA"},"geometry":{"type":"Point","coordinates":[-122.847999572754,38.8481674194336,1.02999997138977]},"id":"nc75429162"},
{"type":"Feature","properties":{"mag":1.07,"place":"7 km NW of The Geysers, CA","time":1788433411490,"updated":1788436047541,"tz":null,"url":"https://earthquake.usgs.gov/earthquakes/eventpage/nc75429157","detail":"https://earthquake.usgs.gov/earthquakes/feed/v1.0/detail/nc75429157.geojson","felt":null,"cdi":null,"mmi":null,"alert":null,"status":"automatic","tsunami":0,"sig":18,"net":"nc","code":"75429157","ids":",nc75429157,","sources":",nc,","types":",nearby-cities,origin,phase-data,scitech-link,","nst":19,"dmin":0.009537,"rms":0.01,"gap":52,"magType":"md","type":"earthquake","title":"M 1.1 - 7 km NW of The Geysers, CA"},"geometry":{"type":"Point","coordinates":[-122.81916809082,38.8143348693848,2.65000009536743]},"id":"nc75429157"},
{"type":"Feature","properties":{"mag":1.33,"place":"17 km NW of Pinnacles, CA","time":1788433191760,"updated":1788439040874,"tz":null,"url":"https://earthquake.usgs.gov/earthquakes/eventpage/nc75429152","detail":"https://earthquake.usgs.gov/earthquakes/feed/v1.0/detail/nc75429152.geojson","felt":null,"cdi":null,"mmi":null,"alert":null,"status":"automatic","tsunami":0,"sig":27,"net":"nc","code":"75429152","ids":",nc75429152,","sources":",nc,","types":",nearby-cities,origin,phase-data,scitech-link,","nst":11,"dmin":0.03655,"rms":0.18,"gap":91,"magType":"md","type":"earthquake","title":"M 1.3 - 17 km NW of Pinnacles, CA"},"geometry":{"type":"Point","coordinates":[-121.282836914062,36.6370010375977,5.17999982833862]},"id":"nc75429152"},
{"type":"Feature","properties":{"mag":1.06,"place":"11 km NW of The Geysers, CA","time":1788432831200,"updated":1788434543387,"tz":null,"url":"https://earthquake.usgs.gov/earthquakes/eventpage/nc75429147","detail":"https://earthquake.usgs.gov/earthquakes/feed/v1.0/detail/nc75429147.geojson","felt":null,"cdi":null,"mmi":null,"alert":null,"status":"automatic","tsunami":0,"sig":17,"net":"nc","code":"75429147","ids":",nc75429147,","sources":",nc,","types":",nearby-cities,origin,phase-data,scitech-link,","nst":15,"dmin":0.01245,"rms":0.03,"gap":97,"magType":"md","type":"earthquake","title":"M 1.1 - 11 km NW of The Geysers, CA"},"geometry":{"type":"Point","coordinates":[-122.849166870117,38.8450012207031,1.21000003814697]},"id":"nc75429147"},
{"type":"Feature","properties":{"mag":0.72,"place":"2 km ESE of The Geysers, CA","time":1788432722730,"updated":1788437243667,"tz":null,"url":"https://earthquake.usgs.gov/earthquakes/eventpage/nc75429142","detail":"https://earthquake.usgs.gov/earthquakes/feed/v1.0/detail/nc75429142.geojson","felt":null,"cdi":null,"mmi":null,"alert":null,"status":"automatic","tsunami":0,"sig":8,"net":"nc","code":"75429142","ids":",nc75429142,","sources":",nc,","types":",nearby-cities,origin,phase-data,scitech-link,","nst":7,"dmin":0.008194,"rms":0.01,"gap":69,"magType":"md","type":"earthquake","title":"M 0.7 - 2 km ESE of The Geysers, CA"},"geometry":{"type":"Point","coordinates":[-122.731666564941,38.7678337097168,2.35999989509583]},"id":"nc75429142"},
{"type":"Feature","properties":{"mag":1.4,"place":"88 km ESE of Egegik, Alaska","time":1788432558540,"updated":1788480932570,"tz":null,"url":"https://earthquake.usgs.gov/earthquakes/eventpage/aka2026rljafo","detail":"https://earthquake.usgs.gov/earthquakes/feed/v1.0/detail/aka2026rljafo.geojson","felt":null,"cdi":null,"mmi":null,"alert":null,"status":"automatic","tsunami":0,"sig":30,"net":"ak","code":"a2026rljafo","ids":",av94414973,aka2026rljafo,","sources":",av,ak,","types":",origin,phase-data,","nst":26,"dmin":0.2,"rms":0.6,"gap":106,"magType":"ml","type":"earthquake","title":"M 1.4 - 88 km ESE of Egegik, Alaska"},"geometry":{"type":"Point","coordinates":[-156.036,57.868,7.8]},"id":"aka2026rljafo"},
{"type":"Feature","properties":{"mag":1.61,"place":"16 km WSW of Johannesburg, CA","time":1788432302140,"updated":1788448424474,"tz":null,"url":"https://earthquake.usgs.gov/earthquakes/eventpage/ci41541200","detail":"https://earthquake.usgs.gov/earthquakes/feed/v1.0/detail/ci41541200.geojson","felt":null,"cdi":null,"mmi":null,"alert":null,"status":"reviewed","tsunami":0,"sig":40,"net":"ci","code":"41541200","ids":",ci41541200,","sources":",ci,","types":",nearby-cities,origin,phase-data,scitech-link,","nst":42,"dmin":0.07006,"rms":0.18,"gap":43,"magType":"ml","type":"earthquake","title":"M 1.6 - 16 km WSW of Johannesburg, CA"},"geometry":{"type":"Point","coordinates":[-117.8025,35.328,6.44]},"id":"ci41541200"},
{"type":"Feature","properties":{"mag":2.5,"place":"34 km WNW of Ninilchik, Alaska","time":1788431653648,"updated":1788431876408,"tz":null,"url":"https://earthquake.usgs.gov/earthquakes/eventpage/aka2026rlindp","detail":"https://earthquake.usgs.gov/earthquakes/feed/v1.0/detail/aka2026rlindp.geojson","felt":null,"cdi":null,"mmi":null,"alert":null,"status":"automatic","tsunami":0,"sig":96,"net":"ak","code":"a2026rlindp","ids":",aka2026rlindp,","sources":",ak,","types":",origin,phase-data,","nst":111,"dmin":0.4,"rms":0.7,"gap":44,"magType":"ml","type":"earthquake","title":"M 2.5 - 34 km WNW of Ninilchik, Alaska"},"geometry":{"type":"Point","coordinates":[-152.273,60.124,90.5]},"id":"aka2026rlindp"},
{"type":"Feature","properties":{"mag":1.14,"place":"11 km WNW of Cobb, CA","time":1788430979250,"updated":1788435743511,"tz":null,"url":"https://earthquake.usgs.gov/earthquakes/eventpage/nc75429137","detail":"https://earthquake.usgs.gov/earthquakes/feed/v1.0/detail/nc75429137.geojson","felt":null,"cdi":null,"mmi":null,"alert":null,"status":"automatic","tsunami":0,"sig":20,"net":"nc","code":"75429137","ids":",nc75429137,","sources":",nc,","types":",nearby-cities,origin,phase-data,scitech-link,","nst":18,"dmin":0.01382,"rms":0.03,"gap":108,"magType":"md","type":"earthquake","title":"M 1.1 - 11 km WNW of Cobb, CA"},"geometry":{"type":"Point","coordinates":[-122.847831726074,38.8484992980957,1.36000001430511]},"id":"nc75429137"},
{"type":"Feature","properties":{"mag":0.6,"place":"83 km NNW of Karluk, Alaska","time":1788430738730,"updated":1788481624310,"tz":null,"url":"https://earthquake.usgs.gov/earthquakes/eventpage/av93066514","detail":"https://earthquake.usgs.gov/earthquakes/feed/v1.0/detail/av93066514.geojson","felt":null,"cdi":null,"mmi":null,"alert":null,"status":"reviewed","tsunami":0,"sig":6,"net":"av","code":"93066514","ids":",av93066514,","sources":",av,","types":",origin,phase-data,","nst":12,"dmin":0.05623,"rms":0.12,"gap":79,"magType":"ml","type":"earthquake","title":"M 0.6 - 83 km NNW of Karluk, Alaska"},"geometry":{"type":"Point","coordinates":[-155.110166666667,58.2301666666667,4.93]},"id":"av93066514"},
{"type":"Feature","properties":{"mag":1.1,"place":"81 km NNW of Karluk, Alaska","time":1788430733609,"updated":1788481383020,"tz":null,"url":"https://earthquake.usgs.gov/earthquakes/eventpage/aka2026rlhzug","detail":"https://earthquake.usgs.gov/earthquakes/feed/v1.0/detail/aka2026rlhzug.geojson","felt":null,"cdi":null,"mmi":null,"alert":null,"status":"automatic","tsunami":0,"sig":19,"net":"ak","code":"a2026rlhzug","ids":",av94414918,aka2026rlhzug,","sources":",av,ak,","types":",origin,phase-data,","nst":17,"dmin":0,"rms":0.5,"gap":64,"magType":"ml","type":"earthquake","title":"M 1.1 - 81 km NNW of Karluk, Alaska"},"geometry":{"type":"Point","coordinates":[-155.107,58.214,5]},"id":"aka2026rlhzug"}],"bbox":[-177.4572,-56.1536,-1.49,176.3604,64.918,619.049]}